,login,post,likes,time,subscribers,subscriptions,–û–±—ä–µ–º –ø–æ—Ä—Ç—Ñ–µ–ª—è,–°–¥–µ–ª–æ–∫ –∑–∞ 30 –¥–Ω–µ–π,–ó–∞ –≥–æ–¥,lemm_post
0,morcvec,"–ü–æ—Å–º–æ—Ç—Ä–µ–ª –Ω–æ–≤—ã–π ETF –æ—Ç –§–∏–Ω–µ–∫—Å–∞, $FXES, –º–µ–Ω—è –æ—á–µ–Ω—å —Å–º—É—â–∞—é—Ç –¥–æ–ª–∏ –≤ 7, 5, 4.5% —É –≤—Å–µ—Ö —ç—Ç–∏—Ö Sea limited, Unity, Bilibili, –Ω–æ –≤ —Ü–µ–ª–æ–º —Ñ–æ–Ω–¥ –≤–ø–æ–ª–Ω–µ –º–æ–∂–Ω–æ –∏—Å–ø–æ–ª—å–∑–æ–≤–∞—Ç—å –¥–ª—è –≤–ª–æ–∂–µ–Ω–∏–π –æ—á–µ–Ω—å –º–µ–ª–∫–∏—Ö —Å—É–º–º. –ß–∏—Å—Ç–æ –∫–∞–∫ —Å—Ç–∞–≤–∫–∞ –Ω–∞ –∏–Ω–¥—É—Å—Ç—Ä–∏—é –±–ª–∞–≥–æ–¥–∞—Ä—è –Ω–∞–ª–∏—á–∏—é –∫—Ä—É–ø–Ω–æ–π —Å—É–º–º–∞—Ä–Ω–æ–π –¥–æ–ª–∏ –≤ $NVDA, $AMD, $TCEHY, Nintendo, $ATVI, $EA, $TTWO, Ubisoft, Capcom, Kingsoft, —á–µ–≥–æ —É–∂–µ –¥–æ—Å—Ç–∞—Ç–æ—á–Ω–æ –¥–ª—è —É—Ä–∞–≤–Ω–æ–≤–µ—à–∏–≤–∞–Ω–∏—è –º–Ω–æ–∂–µ—Å—Ç–≤–∞ –ø–µ—Ä–µ–≥—Ä–µ—Ç—ã—Ö –∏ –Ω–µ–Ω–∞–¥—ë–∂–Ω—ã—Ö –∫–æ–º–ø–∞–Ω–∏–π.

–ù–∞ —Å–∫—Ä–∏–Ω—à–æ—Ç–µ –≤–µ—Å—å —Å–æ—Å—Ç–∞–≤ –Ω–∞ –≤—á–µ—Ä–∞—à–Ω–∏–π –¥–µ–Ω—å. –í —Ü–µ–ª–æ–º –∞–¥–µ–∫–≤–∞—Ç–Ω–æ, –µ—Å–ª–∏ –±—Ä–∞—Ç—å –Ω–∞ –Ω–µ–±–æ–ª—å—à—É—é —Å—É–º–º—É –¥–ª—è —É–≤–µ–ª–∏—á–µ–Ω–∏—è —ç–∫—Å–ø–æ–∑–∏—Ü–∏–∏ –≤ –∫–æ–º–ø–∞–Ω–∏—è—Ö –≤—Ä–æ–¥–µ –¢–µ–Ω—Å–µ–Ω—Ç –∏ –ù–≤–∏–¥–∏–∞ —Å –≤–æ–∑–º–æ–∂–Ω–æ—Å—Ç—å—é –∑–∞—Ä–∞–±–æ—Ç–∞—Ç—å –¥–æ–ø–æ–ª–Ω–∏—Ç–µ–ª—å–Ω—É—é –¥–æ—Ö–æ–¥–Ω–æ—Å—Ç—å –≤ —Å–ª—É—á–∞–µ –¥–æ–ª–≥–æ—Å—Ä–æ—á–Ω–æ–≥–æ —É—Å–ø–µ—Ö–∞ –ø—Ä–æ—á–µ–π —Ä–∏—Å–∫–æ–≤–∞–Ω–Ω–æ–π –º–µ–ª–æ—á–∏.
–õ–î–í –∫—Ä–æ–º–µ –≤—Å–µ–≥–æ –ø—Ä–æ—á–µ–≥–æ –Ω–∏–∫—É–¥–∞ –Ω–µ –∏—Å—á–µ–∑–∞–ª–∞, —Ñ–æ–Ω–¥—ã FinEx –ø—Ä–æ–¥–æ–ª–∂–∞—é –ø–æ–∫—É–ø–∞—Ç—å –∏–º–µ–Ω–Ω–æ —Ä–∞–¥–∏ –Ω–µ—ë –Ω–µ—Å–º–æ—Ç—Ä—è –Ω–∞ —É–∂–µ —Å–æ–±—Ä–∞–Ω–Ω—ã–π –ø–æ—Ä—Ç—Ñ–µ–ª—å –∏–∑ ETF –¥–ª—è –∫–≤–∞–ª–∏—Ñ–∏—Ü–∏—Ä–æ–≤–∞–Ω–Ω—ã—Ö –∏–Ω–≤–µ—Å—Ç–æ—Ä–æ–≤ ($IGM, $QQQ, $IGV, $IHI, $PSI). –í –æ—Ç–ª–∏—á–∏–µ –æ—Ç –Ω–µ —Å–∞–º—ã—Ö –ø–æ–ª–µ–∑–Ω—ã—Ö —Ñ–æ–Ω–¥–æ–≤ –Ω–∞ –¥–ª–∏–Ω–Ω—ã–µ –æ–±–ª–∏–≥–∞—Ü–∏–∏ —Å –æ—Ç—Ä–∏—Ü–∞—Ç–µ–ª—å–Ω–æ–π —Ä–µ–∞–ª—å–Ω–æ–π –¥–æ—Ö–æ–¥–Ω–æ—Å—Ç—å—é, –≤ —ç—Ç–æ—Ç —Ä–∞–∑ –º–æ–π –ª—é–±–∏–º—ã–π —É–ø—Ä–∞–≤–ª—è—é—â–∏–π –ø—Ä–µ–¥–æ—Å—Ç–∞–≤–∏–ª —Ä–æ—Å—Å–∏–π—Å–∫–∏–º –∏–Ω–≤–µ—Å—Ç–æ—Ä–∞–º —á—Ç–æ-—Ç–æ –∏–Ω—Ç–µ—Ä–µ—Å–Ω–æ–µ.

–ü—Ä–∏–∫—É–ø–ª—é –Ω–µ–º–Ω–æ–≥–æ FXES, –µ—Å–ª–∏ –ù–≤–∏–¥–∏–∞ —É—Ä–æ–Ω–∏—Ç –µ–≥–æ –±–ª–∞–≥–æ–¥–∞—Ä—è –∫—Ä—É–ø–Ω–æ–π –¥–æ–ª–µ –∫–æ—Ä—Ä–µ–∫—Ü–∏–µ–π –ø–æ—Å–ª–µ —Å–ø–ª–∏—Ç–∞ –Ω–∞ –±–ª–∏–∂–∞–π—à–µ–º –ø–æ—Ö–æ–¥–µ –≤–Ω–∏–∑ —Ä—ã–Ω–∫–∞: –¥–∞–∂–µ —Å —É—á—ë—Ç–æ–º —É—Å–ø–µ—Ö–∞ —Å–¥–µ–ª–∫–∏ –ø–æ ARM –∫–æ–º–ø–∞–Ω–∏—é –º–æ–∂–Ω–æ –º–∞–∫—Å–∏–º—É–º –≤ $700 –∑–∞ –∞–∫—Ü–∏—é –æ—Ü–µ–Ω–∏—Ç—å, –Ω–µ –≤—ã—Ö–æ–¥—è –∑–∞ —Ä–∞–º–∫–∏ –∞–¥–µ–∫–≤–∞—Ç–Ω–æ—Å—Ç–∏, $800 —á–∏—Å—Ç–æ —Ä–µ–∑—É–ª—å—Ç–∞—Ç —Ö–∞–π–ø–∞, —Ç–∞–∫ —á—Ç–æ –Ω–µ —É–¥–∏–≤–ª—é—Å—å –¥–∞–∂–µ 10% –ø—Ä–æ—Å–∞–¥–∫–∏ –Ω–∞ —Ñ–æ–Ω–µ 2-3% —É —à–∏—Ä–æ–∫–æ–≥–æ —Ä—ã–Ω–∫–∞ (–∏ –æ–±—Ä–∞–¥—É—é—Å—å).

–ü–æ–∫–∞ –≤—Å—ë, —É–¥–∞—á–∏ –Ω–∞–º –≤—Å–µ–º, –∏ –¥–µ—Ä–∂–∏—Ç–µ —Ä—É–∫—É –Ω–∞ –ü—É–ª—å—Å–µ!",9,2021-07-15 15:07:00,3874,3,–¥–æ 3000000 ‚ÇΩ,21,17.44,–ø–æ—Å–º–æ—Ç—Ä–µ—Ç—å –Ω–æ–≤—ã–π etf –æ—á–µ–Ω—å —Å–º—É—â–∞—Ç—å –¥–æ–ª—è 7 5 4.5 –≤–µ—Å—å sea limited unity bilibili —Ü–µ–ª–æ–µ —Ñ–æ–Ω–¥ –≤–ø–æ–ª–Ω–µ –∏—Å–ø–æ–ª—å–∑–æ–≤–∞—Ç—å –≤–ª–æ–∂–µ–Ω–∏–µ –æ—á–µ–Ω—å –º–µ–ª–∫–∏–π —Å—É–º–º–∞ —á–∏—Å—Ç–æ —Å—Ç–∞–≤–∫–∞ –∏–Ω–¥—É—Å—Ç—Ä–∏—è –±–ª–∞–≥–æ–¥–∞—Ä—è –Ω–∞–ª–∏—á–∏–µ –∫—Ä—É–ø–Ω—ã–π —Å—É–º–º–∞—Ä–Ω—ã–π –¥–æ–ª—è nvda amd tcehy nintendo atvi ea ttwo ubisoft capcom kingsoft –¥–æ—Å—Ç–∞—Ç–æ—á–Ω–æ —É—Ä–∞–≤–Ω–æ–≤–µ—à–∏–≤–∞–Ω–∏–µ –º–Ω–æ–∂–µ—Å—Ç–≤–æ –ø–µ—Ä–µ–≥—Ä–µ—Ç—ã–π –Ω–µ–Ω–∞–¥–µ–∂–Ω—ã–π –∫–æ–º–ø–∞–Ω–∏—è —Å–∫—Ä–∏–Ω—à–æ—Ç –≤–µ—Å—å —Å–æ—Å—Ç–∞–≤ –≤—á–µ—Ä–∞—à–Ω–∏–π –¥–µ–Ω—å —Ü–µ–ª–æ–µ –∞–¥–µ–∫–≤–∞—Ç–Ω–æ –±—Ä–∞—Ç—å –Ω–µ–±–æ–ª—å—à–æ–π —Å—É–º–º–∞ —É–≤–µ–ª–∏—á–µ–Ω–∏–µ —ç–∫—Å–ø–æ–∑–∏—Ü–∏—è –∫–æ–º–ø–∞–Ω–∏—è –≤—Ä–æ–¥–µ —Ç–µ–Ω—Å–µ–Ω—Ç –Ω–≤–∏–¥–∏–∞ –≤–æ–∑–º–æ–∂–Ω–æ—Å—Ç—å –∑–∞—Ä–∞–±–∞—Ç—ã–≤–∞—Ç—å –¥–æ–ø–æ–ª–Ω–∏—Ç–µ–ª—å–Ω—ã–π –¥–æ—Ö–æ–¥–Ω–æ—Å—Ç—å —Å–ª—É—á–∞–π –¥–æ–ª–≥–æ—Å—Ä–æ—á–Ω—ã–π —É—Å–ø–µ—Ö –ø—Ä–æ—á–∏–π —Ä–∏—Å–∫–æ–≤–∞–Ω–Ω—ã–π –º–µ–ª–æ—á—å –ª–¥–≤ –∫—Ä–æ–º–µ –ø—Ä–æ—á–µ–µ –Ω–∏–∫—É–¥–∞ –∏—Å—á–µ–∑–∞—Ç—å —Ñ–æ–Ω–¥ –ø—Ä–æ–¥–æ–ª–∂–∞—Ç—å –ø–æ–∫—É–ø–∞—Ç—å –∏–º–µ–Ω–Ω–æ —Ä–∞–¥–∏ –Ω–µ—Å–º–æ—Ç—Ä—è —Å–æ–±—Ä–∞–Ω–Ω—ã–π –ø–æ—Ä—Ç—Ñ–µ–ª—å etf –∫–≤–∞–ª–∏—Ñ–∏—Ü–∏—Ä–æ–≤–∞–Ω–Ω—ã–π –∏–Ω–≤–µ—Å—Ç–æ—Ä igm qqq igv ihi psi –æ—Ç–ª–∏—á–∏–µ —Å–∞–º—ã–π –ø–æ–ª–µ–∑–Ω—ã–π —Ñ–æ–Ω–¥ –¥–ª–∏–Ω–Ω—ã–π –æ–±–ª–∏–≥–∞—Ü–∏—è –æ—Ç—Ä–∏—Ü–∞—Ç–µ–ª—å–Ω—ã–π —Ä–µ–∞–ª—å–Ω—ã–π –¥–æ—Ö–æ–¥–Ω–æ—Å—Ç—å –ª—é–±–∏—Ç—å —É–ø—Ä–∞–≤–ª—è—é—â–∏–π –ø—Ä–µ–¥–æ—Å—Ç–∞–≤–ª—è—Ç—å —Ä–æ—Å—Å–∏–π—Å–∫–∏–π –∏–Ω–≤–µ—Å—Ç–æ—Ä —á—Ç–æ-—Ç–æ –∏–Ω—Ç–µ—Ä–µ—Å–Ω—ã–π –ø—Ä–∏–∫—É–ø–∞—Ç—å –Ω–µ–º–Ω–æ–≥–æ –Ω–≤–∏–¥–∏–∞ —É—Ä–æ–Ω–∏—Ç—å –±–ª–∞–≥–æ–¥–∞—Ä—è –∫—Ä—É–ø–Ω—ã–π –¥–æ–ª—è –∫–æ—Ä—Ä–µ–∫—Ü–∏—è —Å–ø–ª–∏—Ç –±–ª–∏–∑–∫–∏–π –ø–æ—Ö–æ–¥ –≤–Ω–∏–∑ —Ä—ã–Ω–æ–∫ —É—á–µ—Ç —É—Å–ø–µ—Ö —Å–¥–µ–ª–∫–∞ arm –∫–æ–º–ø–∞–Ω–∏—è –º–∞–∫—Å–∏–º—É–º 700 –∞–∫—Ü–∏—è –æ—Ü–µ–Ω–∏–≤–∞—Ç—å –≤—ã—Ö–æ–¥–∏—Ç—å —Ä–∞–º–∫–∞ –∞–¥–µ–∫–≤–∞—Ç–Ω–æ—Å—Ç—å 800 —á–∏—Å—Ç–æ —Ä–µ–∑—É–ª—å—Ç–∞—Ç —Ö–∞–π–ø —É–¥–∏–≤–ª—è—Ç—å—Å—è 10 –ø—Ä–æ—Å–∞–¥–∫–∞ —Ñ–æ–Ω 2 3 —à–∏—Ä–æ–∫–∏–π —Ä—ã–Ω–æ–∫ –æ–±—Ä–∞–¥–æ–≤–∞—Ç—å—Å—è –ø–æ–∫–∞ —É–¥–∞—á–∞ –¥–µ—Ä–∂–∞—Ç—å —Ä—É–∫–∞ –ø—É–ª—å—Å
1,BonSai_108,"–î–æ–±–∞–≤–ª—è—é –≤ –º–æ–π –¥–æ–ª–≥–æ—Å—Ä–æ—á–Ω—ã–π –ø–æ—Ä—Ç—Ñ–µ–ª—å (–ò–ò–°- –¥—Ä—É–≥–æ–π –±—Ä–æ–∫–µ—Ä). 

–ù–æ–≤—ã–π —Ñ–æ–Ω–¥ $FXES –Ω–∞ –∞–∫—Ü–∏–∏ –≥–ª–æ–±–∞–ª—å–Ω—ã—Ö –∫–æ–º–ø–∞–Ω–∏–π –∏–≥—Ä–æ–≤–æ–π –∏–Ω–¥—É—Å—Ç—Ä–∏–∏ –∏ –∫–∏–±–µ—Ä—Å–ø–æ—Ä—Ç–∞.
‚†Ä
–§–æ–Ω–¥ –æ—Ç—Å–ª–µ–∂–∏–≤–∞–µ—Ç –∏–Ω–¥–µ–∫—Å MVIS Global Video Gaming and eSports, –≤ –∫–æ—Ç–æ—Ä—ã–π –≤–∫–ª—é—á–µ–Ω—ã 26 –∫–æ–º–ø–∞–Ω–∏–π, –ø–æ–∫—Ä—ã–≤–∞—é—â–∏–µ –Ω–µ –º–µ–Ω–µ–µ 90% –∫–æ–º–ø–∞–Ω–∏–π –∏–Ω–¥—É—Å—Ç—Ä–∏–∏ –≤–∏–¥–µ–æ–∏–≥—Ä. 

–¢–æ–ø 10:‚†Ä
NVIDIA 9%
–ê–úD 8%
TENCENT 7%
SEA 6.9%
NINTENDO 6%
ACTIVISION BLIZZARD 5%
NETEASE 5%
UNITY SOFTWARE 5%
BILIBILI 4.6%
ELECTRONIC ARTS 4.5%
‚†Ä
üõé–û—Å–Ω–æ–≤–Ω—ã–µ —É—Å–ª–æ–≤–∏—è:
–ö–æ–º–∏—Å—Å–∏—è 0,9% –≥–æ–¥–æ–≤—ã—Ö
–ò–Ω–¥–µ–∫—Å MVIS —Ä–∞—Å—Å—á–∏—Ç—ã–≤–∞–µ—Ç—Å—è —Å 2015–≥, —Å—Ä–µ–¥–Ω–µ–≥–æ–¥–æ–≤–∞—è –¥–æ—Ö–æ–¥–Ω–æ—Å—Ç—å  35%, –º–∞–∫—Å–∏–º–∞–ª—å–Ω–∞—è –ø—Ä–æ—Å–∞–¥–∫–∞ 23% (—ç—Ç–æ –Ω–µ –≥–∞—Ä–∞–Ω—Ç–∏—Ä—É–µ—Ç —Ç–∞–∫–æ–π –¥–æ—Ö–æ–¥–Ω–æ—Å—Ç–∏ –≤ –±—É–¥—É—â–µ–º).
‚†Ä
–†–∞—Å–ø—Ä–µ–¥–µ–ª–µ–Ω–∏–µ –∞–∫—Ü–∏–π –ø–æ —Å—Ç—Ä–∞–Ω–∞–º:
43% –°–®–ê
19% –ö–∏—Ç–∞–π
18% –Ø–ø–æ–Ω–∏—è
8,3% –¢–∞–π–≤–∞–Ω—å
–ú–Ω–æ–≥–∏–µ –∫–æ–º–ø–∞–Ω–∏–∏ –Ω–µ —Ç–æ—Ä–≥—É—é—Ç—Å—è –Ω–∞ –°–ü–ë. 50% —Ñ–æ–Ω–¥–∞ —ç—Ç–æ –∞–∑–∏–∞—Ç—Å–∫–∏–π —Ä—ã–Ω–æ–∫, –∫–æ—Ç–æ—Ä—ã–π –¥–æ—Å—Ç–∞—Ç–æ—á–Ω–æ –ø–µ—Ä—Å–ø–µ–∫—Ç–∏–≤–µ–Ω.
‚†Ä
–§—É–Ω–¥–∞–º–µ–Ω—Ç–∞–ª—å–Ω—ã–µ –º–µ—Ç—Ä–∏–∫–∏ —Ñ–æ–Ω–¥–∞:
P/e 46
P/b 5,9
P/s 6,4
–î–∏–≤–∏–¥–µ–Ω–¥–Ω–∞—è –¥–æ—Ö–æ–¥–Ω–æ—Å—Ç—å 0,54%, –¥–∏–≤–∏–¥–µ–Ω–¥—ã —Ä–µ–∏–Ω–≤–µ—Å—Ç–∏—Ä—É—é—Ç—Å—è.
‚†Ä
–ü–ª—é—Å—ã —Ñ–æ–Ω–¥–∞:
–†—ã–Ω–æ–∫ –≤–∏–¥–µ–æ–∏–≥—Ä –ø–æ –ø—Ä–æ–≥–Ω–æ–∑–∞–º –±—É–¥–µ—Ç —Ä–∞—Å—Ç–∏ 9% –≤ –≥–æ–¥, –ø—Ä–µ–∏–º—É—â–µ—Å—Ç–≤–µ–Ω–Ω–æ –∑–∞ —Å—á—ë—Ç –¥—Ä–∞–π–≤–µ—Ä–æ–≤:
‚ú®—Ä–æ—Å—Ç –ø–æ–ø—É–ª—è—Ä–Ω–æ—Å—Ç–∏ –º–æ–±–∏–ª—å–Ω—ã—Ö –∏–≥—Ä
‚ú®—Ä–∞–∑–≤–∏—Ç–∏–µ–º –∫–∏–±–µ—Ä—Å–ø–æ—Ä—Ç–∞
‚ú®—Ä–∞–∑–≤–∏—Ç–∏–µ —Å–µ–≥–º–µ–Ω—Ç–∞ —Å—Ä–µ–¥–∏ –∞–∑–∏–∞—Ç—Å–∫–æ–≥–æ –Ω–∞—Å–µ–ª–µ–Ω–∏—è
‚†Ä
–ó–∞–∫—Ä—ã—Ç—ã–µ –≥—Ä–∞–Ω–∏—Ü—ã –∑–∞—Å—Ç–∞–≤–ª—è—é—Ç –∏—Å–∫–∞—Ç—å –Ω–æ–≤—ã–µ –≤–ø–µ—á–∞—Ç–ª–µ–Ω–∏—è –∏ –º–µ—Ç–æ–¥—ã –ø—Ä–æ–≤–µ–¥–µ–Ω–∏—è –¥–æ—Å—É–≥–∞. –ú–æ–±–∏–ª—å–Ω—ã–µ –∏–≥—Ä—ã - –∫–∞–∫ –æ–¥–∏–Ω –∏–∑ –≤–∞—Ä–∏–∞–Ω—Ç–æ–≤.
‚†Ä

‚úÖ–ò—Å–∫–ª—é—á–µ–Ω–∏–µ —Ä–∏—Å–∫–æ–≤: 
–ò–≥—Ä–æ–≤—ã–µ –∫–æ–º–ø–∞–Ω–∏–∏ —á–∞—à–µ –≤—Å–µ–≥–æ —Ä–∞—Å—Ç—É—Ç –±–ª–∞–≥–æ–¥–∞—Ä—è –∑–∞–ø—É—Å–∫—É –Ω–æ–≤—ã—Ö –ø—Ä–æ–µ–∫—Ç–æ–≤ –∏ —É—Å–ø–µ—à–Ω—ã—Ö –∏–≥—Ä. –ù–æ —Ç–∞–∫–∂–µ –º–æ–≥—É—Ç —É–π—Ç–∏ –Ω–∞ –∫–æ—Ä—Ä–µ–∫—Ü–∏—é, –µ—Å–ª–∏ –ø—Ä–æ–µ–∫—Ç –æ–∫–∞–∂–µ—Ç—Å—è –Ω–µ –ø–æ–ø—É–ª—è—Ä–µ–Ω. –ü–æ—Ç—Ä–∞—á–µ–Ω—ã —Å—Ä–µ–¥—Å—Ç–≤–∞, –≤—Ä–µ–º—è, –∞ –≤—ã—Ä—É—á–∫–∞ –±—É–¥–µ—Ç –∫—Ä–∞–π–Ω–µ –º–∞–ª–µ–Ω—å–∫–æ–π.
‚†Ä
üçã–§–æ–Ω–¥ –º–∏–Ω–∏–º–∏–∑–∏—Ä—É–µ—Ç —Ç–∞–∫–∏–µ —Ä–∏—Å–∫–∏, —Ç–∞–∫ –∫–∞–∫ –¥–æ–ª—è –æ–¥–Ω–æ–π –∏–≥—Ä–æ–≤–æ–π –∫–æ–º–ø–∞–Ω–∏–∏ –Ω–µ –ø—Ä–µ–≤—ã—à–∞–µ—Ç 8% –≤ –ø–æ—Ä—Ç—Ñ–µ–ª–µ.
‚†Ä
–ò–Ω—Ç–µ—Ä–µ—Å–Ω—ã–µ –∏–≥—Ä–æ–≤—ã–µ –∫–æ–º–ø–∞–Ω–∏–∏ —Ä–∞—Å–ø–æ–ª–æ–∂–µ–Ω—ã –≤ –ê–∑–∏–∏, –Ω–µ–¥–æ—Å—Ç—É–ø–Ω—ã –Ω–∞ –°–ü–ë, –∞ —á–µ—Ä–µ–∑ —Ñ–æ–Ω–¥ –º–æ–∂–Ω–æ –∏—Ö –∫—É–ø–∏—Ç—å.

#BonSai",4,2021-07-15 15:07:00,2952,19,–¥–æ 500000 ‚ÇΩ,184,19.57,"–¥–æ–±–∞–≤–ª—è—Ç—å –¥–æ–ª–≥–æ—Å—Ä–æ—á–Ω—ã–π –ø–æ—Ä—Ç—Ñ–µ–ª—å –∏–∏—Å –±—Ä–æ–∫–µ—Ä –Ω–æ–≤—ã–π —Ñ–æ–Ω–¥ –∞–∫—Ü–∏—è –≥–ª–æ–±–∞–ª—å–Ω—ã–π –∫–æ–º–ø–∞–Ω–∏—è –∏–≥—Ä–æ–≤–æ–π –∏–Ω–¥—É—Å—Ç—Ä–∏—è –∫–∏–±–µ—Ä—Å–ø–æ—Ä—Ç ‚†Ä —Ñ–æ–Ω–¥ –æ—Ç—Å–ª–µ–∂–∏–≤–∞—Ç—å –∏–Ω–¥–µ–∫—Å mvis global video gaming and esports –∫–æ—Ç–æ—Ä—ã–π –≤–∫–ª—é—á–∞—Ç—å 26 –∫–æ–º–ø–∞–Ω–∏—è –ø–æ–∫—Ä—ã–≤–∞—Ç—å –º–µ–Ω–µ–µ 90 –∫–æ–º–ø–∞–Ω–∏—è –∏–Ω–¥—É—Å—Ç—Ä–∏—è –≤–∏–¥–µ–æ–∏–≥—Ä —Ç–æ–ø 10 ‚†Ä nvidia 9 –∞–ºd 8 tencent 7 sea 6.9 nintendo 6 activision blizzard 5 netease 5 unity software 5 bilibili 4.6 electronic arts 4.5 ‚†Ä üõé –æ—Å–Ω–æ–≤–Ω–æ–π —É—Å–ª–æ–≤–∏–µ –∫–æ–º–∏—Å—Å–∏—è 0 9 –≥–æ–¥–æ–≤–æ–π –∏–Ω–¥–µ–∫—Å mvis —Ä–∞—Å—Å—á–∏—Ç—ã–≤–∞—Ç—å—Å—è 2015–≥ —Å—Ä–µ–¥–Ω–µ–≥–æ–¥–æ–≤–æ–π –¥–æ—Ö–æ–¥–Ω–æ—Å—Ç—å 35 %,  –º–∞–∫—Å–∏–º–∞–ª—å–Ω—ã–π –ø—Ä–æ—Å–∞–¥–∫–∞ 23 % ( –≥–∞—Ä–∞–Ω—Ç–∏—Ä–æ–≤–∞—Ç—å –¥–æ—Ö–æ–¥–Ω–æ—Å—Ç—å –±—É–¥—É—â–µ–µ ‚†Ä —Ä–∞—Å–ø—Ä–µ–¥–µ–ª–µ–Ω–∏–µ –∞–∫—Ü–∏—è —Å—Ç—Ä–∞–Ω–∞ 43 —Å—à–∞ 19 –∫–∏—Ç–∞–π 18 —è–ø–æ–Ω–∏—è 8 3 —Ç–∞–π–≤–∞–Ω—å –º–Ω–æ–≥–∏–π –∫–æ–º–ø–∞–Ω–∏—è —Ç–æ—Ä–≥–æ–≤–∞—Ç—å—Å—è —Å–ø–± 50 —Ñ–æ–Ω–¥ –∞–∑–∏–∞—Ç—Å–∫–∏–π —Ä—ã–Ω–æ–∫ –∫–æ—Ç–æ—Ä—ã–π –¥–æ—Å—Ç–∞—Ç–æ—á–Ω–æ –ø–µ—Ä—Å–ø–µ–∫—Ç–∏–≤–Ω—ã–π ‚†Ä —Ñ—É–Ω–¥–∞–º–µ–Ω—Ç–∞–ª—å–Ω—ã–π –º–µ—Ç—Ä–∏–∫–∞ —Ñ–æ–Ω–¥ p e 46 p b 5 9 p s 6 4 –¥–∏–≤–∏–¥–µ–Ω–¥–Ω—ã–π –¥–æ—Ö–æ–¥–Ω–æ—Å—Ç—å 0 54 %,  –¥–∏–≤–∏–¥–µ–Ω–¥ —Ä–µ–∏–Ω–≤–µ—Å—Ç–∏—Ä–æ–≤–∞—Ç—å—Å—è ‚†Ä –ø–ª—é—Å —Ñ–æ–Ω–¥ —Ä—ã–Ω–æ–∫ –≤–∏–¥–µ–æ–∏–≥—Ä –ø—Ä–æ–≥–Ω–æ–∑ —Ä–∞—Å—Ç–∏ 9 –≥–æ–¥ –ø—Ä–µ–∏–º—É—â–µ—Å—Ç–≤–µ–Ω–Ω–æ —Å—á–µ—Ç –¥—Ä–∞–π–≤–µ—Ä ‚ú® —Ä–æ—Å—Ç –ø–æ–ø—É–ª—è—Ä–Ω–æ—Å—Ç—å –º–æ–±–∏–ª—å–Ω—ã–π –∏–≥—Ä–∞ ‚ú® —Ä–∞–∑–≤–∏—Ç–∏–µ –∫–∏–±–µ—Ä—Å–ø–æ—Ä—Ç ‚ú® —Ä–∞–∑–≤–∏—Ç–∏–µ —Å–µ–≥–º–µ–Ω—Ç —Å—Ä–µ–¥–∏ –∞–∑–∏–∞—Ç—Å–∫–∏–π –Ω–∞—Å–µ–ª–µ–Ω–∏–µ ‚†Ä –∑–∞–∫—Ä—ã—Ç—ã–π –≥—Ä–∞–Ω–∏—Ü–∞ –∑–∞—Å—Ç–∞–≤–ª—è—Ç—å –∏—Å–∫–∞—Ç—å –Ω–æ–≤—ã–π –≤–ø–µ—á–∞—Ç–ª–µ–Ω–∏–µ –º–µ—Ç–æ–¥ –ø—Ä–æ–≤–µ–¥–µ–Ω–∏–µ –¥–æ—Å—É–≥ –º–æ–±–∏–ª—å–Ω—ã–π –∏–≥—Ä–∞ –≤–∞—Ä–∏–∞–Ω—Ç ‚†Ä ‚úÖ –∏—Å–∫–ª—é—á–µ–Ω–∏–µ —Ä–∏—Å–∫ –∏–≥—Ä–æ–≤–æ–π –∫–æ–º–ø–∞–Ω–∏—è —á–∞—à–∞ —Ä–∞—Å—Ç–∏ –±–ª–∞–≥–æ–¥–∞—Ä—è –∑–∞–ø—É—Å–∫ –Ω–æ–≤—ã–π –ø—Ä–æ–µ–∫—Ç —É—Å–ø–µ—à–Ω—ã–π –∏–≥—Ä–∞ —Ç–∞–∫–∂–µ –º–æ—á—å —É—Ö–æ–¥–∏—Ç—å –∫–æ—Ä—Ä–µ–∫—Ü–∏—è –ø—Ä–æ–µ–∫—Ç –æ–∫–∞–∑—ã–≤–∞—Ç—å—Å—è –ø–æ–ø—É–ª—è—Ä–Ω—ã–π –ø–æ—Ç—Ä–∞—Ç–∏—Ç—å —Å—Ä–µ–¥—Å—Ç–≤–æ –≤—Ä–µ–º—è –≤—ã—Ä—É—á–∫–∞ –∫—Ä–∞–π–Ω–µ –º–∞–ª–µ–Ω—å–∫–∏–π ‚†Ä üçã —Ñ–æ–Ω–¥ –º–∏–Ω–∏–º–∏–∑–∏—Ä–æ–≤–∞—Ç—å —Ä–∏—Å–∫ –¥–æ–ª—è –∏–≥—Ä–æ–≤–æ–π –∫–æ–º–ø–∞–Ω–∏—è –ø—Ä–µ–≤—ã—à–∞—Ç—å 8 –ø–æ—Ä—Ç—Ñ–µ–ª—å ‚†Ä –∏–Ω—Ç–µ—Ä–µ—Å–Ω—ã–π –∏–≥—Ä–æ–≤–æ–π –∫–æ–º–ø–∞–Ω–∏—è —Ä–∞—Å–ø–æ–ª–∞–≥–∞—Ç—å –∞–∑–∏—è –Ω–µ–¥–æ—Å—Ç—É–ø–Ω—ã–π —Å–ø–± —Ñ–æ–Ω–¥ –∫—É–ø–∏—Ç—å bonsai"
2,vova.bless,"$FXES üïπ FinEx –∑–∞–ø—É—Å—Ç–∏–ª –Ω–æ–≤—ã–π —Ñ–æ–Ω–¥ –Ω–∞ –≤–∏–¥–µ–æ–∏–≥—Ä—ã –∏ –∫–∏–±–µ—Ä—Å–ø–æ—Ä—Ç ¬´FinEx Video Gaming and eSports UCITS ETF¬ª.

üî• –†–∞–∑–±–∏—Ä–∞–µ–º—Å—è, —Å—Ç–æ–∏—Ç –≤ –Ω–µ–≥–æ –∏–Ω–≤–µ—Å—Ç–∏—Ä–æ–≤–∞—Ç—å –∏ –∫–∞–∫ –æ–Ω —É—Å—Ç—Ä–æ–µ–Ω.

–§–æ–Ω–¥ ¬´FinEx –í–∏–¥–µ–æ–∏–≥—Ä—ã –∏ –∫–∏–±–µ—Ä—Å–ø–æ—Ä—Ç¬ª –ø–æ–∑–≤–æ–ª—è–µ—Ç –∏–Ω–≤–µ—Å—Ç–∏—Ä–æ–≤–∞—Ç—å –≤ —Å—Ç—Ä–µ–º–∏—Ç–µ–ª—å–Ω–æ —Ä–∞—Å—Ç—É—â—É—é –∏–≥—Ä–æ–≤—É—é –∏–Ω–¥—É—Å—Ç—Ä–∏—é. –í —Å–æ—Å—Ç–∞–≤–µ —Ñ–æ–Ω–¥–∞ ‚Äì –∞–∫—Ü–∏–∏ –ø—Ä–æ–∏–∑–≤–æ–¥–∏—Ç–µ–ª–µ–π –∏–≥—Ä–æ–≤—ã—Ö –∫–æ–º–ø–ª–µ–∫—Ç—É—é—â–∏—Ö, –∞ —Ç–∞–∫–∂–µ —Ä–∞–∑—Ä–∞–±–æ—Ç—á–∏–∫–∏ –∏ –∏–∑–¥–∞—Ç–µ–ª–∏ –≤–∏–¥–µ–æ–∏–≥—Ä. –§–æ–Ω–¥ –Ω–æ–º–∏–Ω–∏—Ä–æ–≤–∞–Ω –≤ –¥–æ–ª–ª–∞—Ä–∞—Ö –°–®–ê. –¢–∏–∫–µ—Ä —Ñ–æ–Ω–¥–∞ ‚Äì FXES.
–ö–æ–º–∏—Å—Å–∏—è —Ñ–æ–Ω–¥–∞ ‚Äì 0,9%. –¶–µ–Ω–∞ –æ–¥–Ω–æ–π –∞–∫—Ü–∏–∏ ‚Äì 74 —Ä—É–±–ª—è. 

–†–∞—Å–ø—Ä–µ–¥–µ–ª–µ–Ω–∏–µ –ø–æ —Å—Ç—Ä–∞–Ω–∞–º:
üá∫üá∏ –°–®–ê 43,3%
üá®üá≥ –ö–∏—Ç–∞–π 19,5%
üáØüáµ –Ø–ø–æ–Ω–∏—è 18.1%
üáπüáº –¢–∞–π–≤–∞–Ω—å 8,3%
üá∞üá∑ –Æ–∂–Ω–∞—è –ö–æ—Ä–µ—è 4,6%
üá®üá≠–®–≤–µ—Ü–∏—è 3,2%
üá´üá∑ –§—Ä–∞–Ω—Ü–∏—è 1,85

üöÄ –í —Å–æ—Å—Ç–∞–≤–µ —Ñ–æ–Ω–¥–∞ —Å–ª–µ–¥—É—é—â–∏–µ –≥–∏–≥–∞–Ω—Ç—ã –æ—Ç—Ä–∞—Å–ª–∏: Nvidia, AMD, Tencent, Nintendo, Activision Blizzard, Electronic Arts –∏ –¥—Ä—É–≥–∏–µ.
–î–æ—Å—Ç–∞—Ç–æ—á–Ω–æ —à–∏—Ä–æ–∫–∞—è –¥–∏–≤–µ—Ä—Å–∏—Ñ–∏–∫–∞—Ü–∏—è, —ç—Ç–æ –ø–ª—é—Å. –ï–¥–∏–Ω—Å—Ç–≤–µ–Ω–Ω–æ–µ, —á—Ç–æ –Ω–µ –ø–æ–Ω—Ä–∞–≤–∏–ª–æ—Å—å, –æ–≥—Ä–æ–º–Ω–∞—è –¥–æ–ª—è —É Nvidia, –∞–∂ 9,5%. –° —ç—Ç–æ–π –±—É–º–∞–≥–æ–π —è –±—ã–ª –±—ã –æ—Å—Ç–æ—Ä–æ–∂–Ω–µ–µ. –ò –≤–æ–ø—Ä–æ—Å, –≥–¥–µ Intel?!

üíº –§–æ–Ω–¥ –æ—Ç–ª–∏—á–Ω–æ –ø–æ–¥–æ–π–¥–µ—Ç –¥–ª—è —Ç–µ—Ö, –∫—Ç–æ –≤–µ—Ä–∏—Ç –≤ –∏–Ω–¥—É—Å—Ç—Ä–∏—é –∏–≥—Ä –∏ –¥–∞–≤–Ω–æ —Ö–æ—Ç–µ–ª –≤ –Ω–µ–µ –∏–Ω–≤–µ—Å—Ç–∏—Ä–æ–≤–∞—Ç—å. –ò–ª–∏ –∫–æ–º—É –Ω–µ —Ö–≤–∞—Ç–∞–µ—Ç –¥–µ–Ω–µ–≥ –Ω–∞ –ø–æ–∫—É–ø–∫—É –∞–∫—Ü–∏–π NvidiaüòÇ –†–∞—Å—Å–º–æ—Ç—Ä–µ—Ç—å –æ–ø—Ä–µ–¥–µ–ª–µ–Ω–Ω–æ —Å—Ç–æ–∏—Ç, –Ω–æ —è –ø–æ–∫–∞ –±—É–¥—É –≤ —Å—Ç–æ—Ä–æ–Ω–µ –æ—Ç –Ω–µ–≥–æ.

ü§î–ê —á—Ç–æ –≤—ã –¥—É–º–∞–µ—Ç–µ?",1,2021-07-15 15:07:00,41,19,–¥–æ 500000 ‚ÇΩ,14,28.89,üïπ –∑–∞–ø—É—Å–∫–∞—Ç—å –Ω–æ–≤—ã–π —Ñ–æ–Ω–¥ –≤–∏–¥–µ–æ–∏–≥—Ä–∞ –∫–∏–±–µ—Ä—Å–ø–æ—Ä—Ç  ¬´ video gaming and esports ucits etf ¬ª üî• —Ä–∞–∑–±–∏—Ä–∞—Ç—å—Å—è —Å—Ç–æ—è—Ç—å –∏–Ω–≤–µ—Å—Ç–∏—Ä–æ–≤–∞—Ç—å —É—Å—Ç—Ä–æ–µ–Ω–Ω—ã–π —Ñ–æ–Ω–¥  ¬´ –≤–∏–¥–µ–æ–∏–≥—Ä–∞ –∫–∏–±–µ—Ä—Å–ø–æ—Ä—Ç ¬ª  –ø–æ–∑–≤–æ–ª—è—Ç—å –∏–Ω–≤–µ—Å—Ç–∏—Ä–æ–≤–∞—Ç—å —Å—Ç—Ä–µ–º–∏—Ç–µ–ª—å–Ω–æ —Ä–∞—Å—Ç–∏ –∏–≥—Ä–æ–≤–æ–π –∏–Ω–¥—É—Å—Ç—Ä–∏—è —Å–æ—Å—Ç–∞–≤ —Ñ–æ–Ω–¥  ‚Äì  –∞–∫—Ü–∏—è –ø—Ä–æ–∏–∑–≤–æ–¥–∏—Ç–µ–ª—å –∏–≥—Ä–æ–≤–æ–π –∫–æ–º–ø–ª–µ–∫—Ç—É—é—â–∏–π —Ç–∞–∫–∂–µ —Ä–∞–∑—Ä–∞–±–æ—Ç—á–∏–∫ –∏–∑–¥–∞—Ç–µ–ª—å –≤–∏–¥–µ–æ–∏–≥—Ä —Ñ–æ–Ω–¥ –Ω–æ–º–∏–Ω–∏—Ä–æ–≤–∞—Ç—å –¥–æ–ª–ª–∞—Ä —Å—à–∞ —Ç–∏–∫–µ—Ä —Ñ–æ–Ω–¥  ‚Äì  –∫–æ–º–∏—Å—Å–∏—è —Ñ–æ–Ω–¥  ‚Äì  0 9 —Ü–µ–Ω–∞ –∞–∫—Ü–∏—è  ‚Äì  74 —Ä—É–±–ª—å —Ä–∞—Å–ø—Ä–µ–¥–µ–ª–µ–Ω–∏–µ —Å—Ç—Ä–∞–Ω–∞ üá∫ üá∏ —Å—à–∞ 43 3 üá® üá≥ –∫–∏—Ç–∞–π 19 5 üáØ üáµ —è–ø–æ–Ω–∏—è 18.1 üáπ üáº —Ç–∞–π–≤–∞–Ω—å 8 3 üá∞ üá∑ —é–∂–Ω—ã–π –∫–æ—Ä–µ—è 4 6 üá® üá≠ —à–≤–µ—Ü–∏—è 3 2 üá´ üá∑ —Ñ—Ä–∞–Ω—Ü–∏—è 1 85 üöÄ —Å–æ—Å—Ç–∞–≤ —Ñ–æ–Ω–¥ —Å–ª–µ–¥—É—é—â–∏–π –≥–∏–≥–∞–Ω—Ç –æ—Ç—Ä–∞—Å–ª—å nvidia amd tencent nintendo activision blizzard electronic arts –¥–æ—Å—Ç–∞—Ç–æ—á–Ω–æ —à–∏—Ä–æ–∫–∏–π –¥–∏–≤–µ—Ä—Å–∏—Ñ–∏–∫–∞—Ü–∏—è –ø–ª—é—Å –µ–¥–∏–Ω—Å—Ç–≤–µ–Ω–Ω—ã–π –ø–æ–Ω—Ä–∞–≤–∏—Ç—å—Å—è –æ–≥—Ä–æ–º–Ω—ã–π –¥–æ–ª—è nvidia –∞–∂ 9 5 –±—É–º–∞–≥–∞ –æ—Å—Ç–æ—Ä–æ–∂–Ω–æ –≤–æ–ø—Ä–æ—Å intel ?! üíº —Ñ–æ–Ω–¥ –æ—Ç–ª–∏—á–Ω–æ –ø–æ–¥—Ö–æ–¥–∏—Ç—å –≤–µ—Ä–∏—Ç—å –∏–Ω–¥—É—Å—Ç—Ä–∏—è –∏–≥—Ä–∞ –¥–∞–≤–Ω–æ —Ö–æ—Ç–µ—Ç—å –∏–Ω–≤–µ—Å—Ç–∏—Ä–æ–≤–∞—Ç—å —Ö–≤–∞—Ç–∞—Ç—å –¥–µ–Ω—å–≥–∏ –ø–æ–∫—É–ø–∫–∞ –∞–∫—Ü–∏—è nvidia üòÇ —Ä–∞—Å—Å–º–∞—Ç—Ä–∏–≤–∞—Ç—å –æ–ø—Ä–µ–¥–µ–ª–µ–Ω–Ω–æ —Å—Ç–æ—è—Ç—å –ø–æ–∫–∞ —Å—Ç–æ—Ä–æ–Ω–∞ ü§î –¥—É–º–∞—Ç—å
3,Serg0787,$FXES –∫–∞–∫ –∫—É–ø–∏—Ç—å –≤ –¥–æ–ª–ª–∞—Ä–∞—Ö —ç—Ç–æ—Ç —Ñ–æ–Ω–¥?,1,2021-07-15 14:07:00,7,13,–¥–æ 3000000 ‚ÇΩ,119,23.65,–∫—É–ø–∏—Ç—å –¥–æ–ª–ª–∞—Ä —Ñ–æ–Ω–¥
4,ProInvestNews,"#etf #–Ω–æ–≤—ã–π—Ñ–æ–Ω–¥ #finex #—Ä–∞–∑–±–æ—Ä #new #–∏–≥—Ä—ã #games #FXES

14 –∏—é–ª—è –Ω–∞—á–∞–ª–∏—Å—å —Ç–æ—Ä–≥–∏ ETF –æ—Ç FinEx —Å —Ç–∏–∫–µ—Ä–æ–º $FXES - —Ñ–æ–Ω–¥–∞ –∞–∫—Ü–∏–π –∫–æ–º–ø–∞–Ω–∏–π –∏–≥—Ä–æ–≤–æ–π –∏–Ω–¥—É—Å—Ç—Ä–∏–∏ –∏ –∫–∏–±–µ—Ä—Å–ø–æ—Ä—Ç–∞. –¢–æ—Ä–≥—É–µ—Ç—Å—è –Ω–∞ –ú–æ—Å–∫–æ–≤—Å–∫–æ–π –±–∏—Ä–∂–µ, –≤ ‚ÇΩ. –ê–∫—Ü–∏–∏, –≤—Ö–æ–¥—è—â–∏–µ –≤ –ø–æ—Ä—Ç—Ñ–µ–ª—å —Ñ–æ–Ω–¥–∞ FXES, –Ω–æ–º–∏–Ω–∏—Ä–æ–≤–∞–Ω—ã –≤ –≤–æ—Å—å–º–∏ –≤–∞–ª—é—Ç–∞—Ö.
üî∏–°–∞–º —Ñ–æ–Ω–¥ –Ω–æ–º–∏–Ω–∏—Ä–æ–≤–∞–Ω –≤ —Ä—É–±–ª—è—Ö –∏ –¥–æ–ª–ª–∞—Ä–∞—Ö, –∞ –Ω–∞—á–∞–ª—å–Ω–∞—è —Å—Ç–æ–∏–º–æ—Å—Ç—å –µ–≥–æ –∞–∫—Ü–∏–π - –æ–∫–æ–ª–æ $1.
üî∏–ö–æ–º–∏—Å—Å–∏—è —Ñ–æ–Ω–¥–∞ —Å–æ—Å—Ç–∞–≤–∏—Ç 0,9% –≥–æ–¥–æ–≤—ã—Ö.
üî∏–§–æ–Ω–¥ –æ—Ç—Å–ª–µ–∂–∏–≤–∞–µ—Ç –∏–Ω–¥–µ–∫—Å MVIS Global Video Gaming & eSports Total Return Net Index, –ø–æ–∫—Ä—ã–≤–∞—é—â–∏–π 90% –∏–≥—Ä–æ–≤–æ–π –∏–Ω–¥—É—Å—Ç—Ä–∏–∏.

FXES - —ç—Ç–æ –ø–µ—Ä–≤—ã–π –≤ –†–æ—Å—Å–∏–∏ —Ç–µ–º–∞—Ç–∏—á–µ—Å–∫–∏–π —Ñ–æ–Ω–¥, –∫–æ—Ç–æ—Ä—ã–π –ø–æ–∑–≤–æ–ª—è–µ—Ç –≤–ª–æ–∂–∏—Ç—å—Å—è –≤ –∫–æ–º–ø–∞–Ω–∏–∏ –∏–≥—Ä–æ–≤–æ–π –∏–Ω–¥—É—Å—Ç—Ä–∏–∏: –ø–æ–ª—É—á–∞—é—â–∏–µ –±–æ–ª—å—à—É—é —á–∞—Å—Ç—å –≤—ã—Ä—É—á–∫–∏ –æ—Ç –ø—Ä–æ–¥–∞–∂–∏ –ª–∏—Ü–µ–Ω–∑–∏–π –Ω–∞ –≤–∏–¥–µ–æ–∏–≥—Ä—ã, —Ä–∞–∑—Ä–∞–±–æ—Ç–∫–∏ –ø—Ä–æ–≥—Ä–∞–º–º–Ω–æ–≥–æ –æ–±–µ—Å–ø–µ—á–µ–Ω–∏—è, –ø—Ä–æ–∏–∑–≤–æ–¥—Å—Ç–≤–∞ –∏–≥—Ä–æ–≤–æ–≥–æ ¬´–∂–µ–ª–µ–∑–∞¬ª, –∏ –æ—Ä–≥–∞–Ω–∏–∑–∞—Ü–∏–∏ –∫–∏–±–µ—Ä—Å–ø–æ—Ä—Ç–∏–≤–Ω—ã—Ö –º–µ—Ä–æ–ø—Ä–∏—è—Ç–∏–π. –ë–µ–∑—É—Å–ª–æ–≤–Ω–æ, –¥–∞–Ω–Ω—ã–π ETF –ø–æ–∑–≤–æ–ª–∏—Ç –∏–Ω–≤–µ—Å—Ç–æ—Ä–∞–º –ø–æ–º–∏–º–æ —Ç–æ–≥–æ, —á—Ç–æ —Å–¥–µ–ª–∞—Ç—å —Å—Ç–∞–≤–∫—É –Ω–∞ –ø–µ—Ä—Å–ø–µ–∫—Ç–∏–≤–Ω—ã–π –≥–ª–æ–±–∞–ª—å–Ω—ã–π —Ä—ã–Ω–æ–∫, —Ç–∞–∫ –∏ –ø–æ–ª—É—á–∏—Ç—å –¥–æ–ø–æ–ª–Ω–∏—Ç–µ–ª—å–Ω—É—é –¥–∏–≤–µ—Ä—Å–∏—Ñ–∏–∫–∞—Ü–∏—é –∏–Ω–≤–µ—Å—Ç–∏—Ü–∏–æ–Ω–Ω–æ–≥–æ –ø–æ—Ä—Ç—Ñ–µ–ª—è.

–ò–Ω–¥–µ–∫—Å-–ø—Ä–æ–≤–∞–π–¥–µ—Ä–æ–º MVIS Investable Indices –ø—Ä–µ–¥—É—Å–º–æ—Ç—Ä–µ–Ω–∞ –µ–∂–µ–∫–≤–∞—Ä—Ç–∞–ª—å–Ω–∞—è —Ä–µ–±–∞–ª–∞–Ω—Å–∏—Ä–æ–≤–∫–∞ - –≤ –º–∞—Ä—Ç–µ, –∏—é–Ω–µ, —Å–µ–Ω—Ç—è–±—Ä–µ –∏ –¥–µ–∫–∞–±—Ä–µ.


üìù–°–æ—Å—Ç–∞–≤ —Ñ–æ–Ω–¥–∞ FXES
–í —Ñ–æ–Ω–¥–µ FXES –µ—Å—Ç—å –∞–∫—Ü–∏–∏ –∏ —Ä–∞–∑–≤–∏—Ç—ã—Ö, –∏ —Ä–∞–∑–≤–∏–≤–∞—é—â–∏—Ö—Å—è —Å—Ç—Ä–∞–Ω (–≤ —Å–æ–æ—Ç–Ω–æ—à–µ–Ω–∏–∏ 68/32). –ù–∞ —Ä–∏—Å—É–Ω–∫–µ 1 –ø—Ä–∏–≤–µ–¥–µ–Ω —Å—Ç—Ä–∞–Ω–æ–≤–æ–π —Å–æ—Å—Ç–∞–≤ –∏–Ω–¥–µ–∫—Å–∞ –Ω–∞ –∫–æ–Ω–µ—Ü –∏—é–Ω—è 2021 –≥.


‚öñÔ∏è–†–∞—Å–ø—Ä–µ–¥–µ–ª–µ–Ω–∏–µ
–ù–∞–∏–±–æ–ª—å—à—É—é –¥–æ–ª—é –∏–Ω–¥–µ–∫—Å–∞ –∑–∞–Ω–∏–º–∞—é—Ç –∫–æ–º–ø–∞–Ω–∏–∏ –ê–∑–∏–∞—Ç—Å–∫–æ–≥–æ —Ä–µ–≥–∏–æ–Ω–∞ –∏ –°–®–ê (—Ñ–æ—Ç–æ)


ü§î–ö–∞–∫ –æ—Ç–±–∏—Ä–∞—é—Ç—Å—è –∫–æ–º–ø–∞–Ω–∏–∏ –≤ FXES?
FXES —Å–ª–µ–¥—É–µ—Ç –∑–∞ –∏–Ω–¥–µ–∫—Å–æ–º MVIS Global Video Gaming and eSports –æ—Ç MVIS Investable Indices, –æ–¥–Ω–æ–≥–æ –∏–∑ –≤–µ–¥—É—â–∏—Ö –ø–æ—Å—Ç–∞–≤—â–∏–∫–æ–≤ –∏–Ω–¥–µ–∫—Å–æ–≤.
‚òùüèª–í –∏–Ω–¥–µ–∫—Å –º–æ–≥—É—Ç –≤–∫–ª—é—á–∞—Ç—å—Å—è —Ç–æ–ª—å–∫–æ –∫–æ–º–ø–∞–Ω–∏–∏, —á—å—è –≤—ã—Ä—É—á–∫–∞ –æ—Ç —Å–µ–≥–º–µ–Ω—Ç–∞ –≤–∏–¥–µ–æ–∏–≥—Ä –∏ –∫–∏–±–µ—Ä—Å–ø–æ—Ä—Ç–∞ —Å–æ—Å—Ç–∞–≤–ª—è–µ—Ç –Ω–µ –º–µ–Ω–µ–µ 50% –æ—Ç –µ–µ –æ–±—â–µ–≥–æ —Ä–∞–∑–º–µ—Ä–∞.

–í –ø–æ—Ä—Ç—Ñ–µ–ª—å —Ñ–æ–Ω–¥–∞ –≤—Ö–æ–¥—è—Ç 26 –∞–∫—Ü–∏–π —Å–µ–≥–º–µ–Ω—Ç–∞ –≤–∏–¥–µ–æ–∏–≥—Ä –∏ –∫–∏–±–µ—Ä—Å–ø–æ—Ä—Ç–∞ –∏–∑ –≤–æ—Å—å–º–∏ —Å—Ç—Ä–∞–Ω. –°—Ä–µ–¥–∏ –Ω–∏—Ö - –∏–∑–¥–∞—Ç–µ–ª–∏ –∏ —Ä–∞–∑—Ä–∞–±–æ—Ç—á–∏–∫–∏ –∏–≥—Ä
üñ±Ô∏è Activision Blizzard
üñ±Ô∏è Electronic Arts
üñ±Ô∏è TakeTwo Interactive
üñ±Ô∏è Tencent
üñ±Ô∏è Roblox
üñ±Ô∏è Sony
üñ±Ô∏è Nintendo
–∞–º–µ—Ä–∏–∫–∞–Ω—Å–∫–∏–µ –ø—Ä–æ–∏–∑–≤–æ–¥–∏—Ç–µ–ª–∏ ¬´–∂–µ–ª–µ–∑–∞¬ª 
üíª NVIDIA
üíª AMD
üíª —Ç–∞–π–≤–∞–Ω—å—Å–∫–∏–π –ø—Ä–æ–∏–∑–≤–æ–¥–∏—Ç–µ–ª—å —ç–ª–µ–∫—Ç—Ä–æ–Ω–∏–∫–∏ Micro-Star (MSI),
–∞ —Ç–∞–∫–∂–µ –¥—Ä—É–≥–∏–µ –∫–æ–º–ø–∞–Ω–∏–∏, –∫–æ—Ç–æ—Ä—ã–º –∏–Ω–¥—É—Å—Ç—Ä–∏—è –≤–∏–¥–µ–æ–∏–≥—Ä –ø—Ä–∏–Ω–æ—Å–∏—Ç –∫–∞–∫ –º–∏–Ω–∏–º—É–º –ø–æ–ª–æ–≤–∏–Ω—É –≤—ã—Ä—É—á–∫–∏. –Æ–∂–Ω–∞—è –ö–æ—Ä–µ—è —Ç–æ–∂–µ –µ—Å—Ç—å –≤ –∏–Ω–¥–µ–∫—Å–µ.

ü§î–ß–µ–º –∏–Ω—Ç–µ—Ä–µ—Å–µ–Ω –∏–≥—Ä–æ–≤–æ–π —Ä—ã–Ω–æ–∫?
–ü–æ –¥–∞–Ω–Ω—ã–º Mordor Intelligence, –æ–¥–Ω–æ–≥–æ –∏–∑ –ø–æ—Å—Ç–∞–≤—â–∏–∫–æ–≤ –∏–Ω—Ñ–æ—Ä–º–∞—Ü–∏–∏ –ø–æ —Ä—ã–Ω–∫—É –≤–∏–¥–µ–æ–∏–≥—Ä –∏ –∫–∏–±–µ—Ä—Å–ø–æ—Ä—Ç–∞, –∏–≥—Ä–æ–≤–∞—è –∏–Ω–¥—É—Å—Ç—Ä–∏—è –≤ 2020 –≥–æ–¥—É –æ—Ü–µ–Ω–∏–≤–∞–ª–∞—Å—å –≤ 174 –º–ª—Ä–¥ $. –°–®–ê. –í —Å–ª–µ–¥—É—é—â–∏–µ 5 –ª–µ—Ç –ø—Ä–æ–≥–Ω–æ–∑–∏—Ä—É–µ—Ç—Å—è –µ–µ —É–¥–≤–æ–µ–Ω–∏–µ. –û—Å–Ω–æ–≤–Ω—ã–µ –ø—Ä–µ–¥–ø–æ—Å—ã–ª–∫–∏ –∫ —Ç–∞–∫–æ–º—É —Å—Ç—Ä–µ–º–∏—Ç–µ–ª—å–Ω–æ–º—É —Ä–æ—Å—Ç—É ‚Äî —Ä–∞–∑–≤–∏—Ç–∏–µ –∏ –ø—Ä–æ–Ω–∏–∫–Ω–æ–≤–µ–Ω–∏–µ —Ç–µ—Ö–Ω–æ–ª–æ–≥–∏–π –∏ –ø–µ—Ä–µ—Ç–µ–∫–∞–Ω–∏–µ –¥–æ—Å—É–≥–∞ –≤ –æ–Ω–ª–∞–π–Ω-—Ñ–æ—Ä–º–∞—Ç—ã, —É—Å–∏–ª–µ–Ω–Ω–æ–µ –ø–∞–Ω–¥–µ–º–∏–µ–π.

–•–æ—Ç—è COVID-19 –ø–æ–º–æ–≥ –∏–Ω–≤–µ—Å—Ç–æ—Ä–∞–º –ø–æ–ª—É—á–∏—Ç—å —Ö–æ—Ä–æ—à–∏–π —Ä–æ—Å—Ç, —Ç–µ–Ω–¥–µ–Ω—Ü–∏—è –∫ —Ä–æ—Å—Ç—É - –¥–æ–ª–≥–æ—Å—Ä–æ—á–Ω–∞—è.
üó£Ô∏è–í–æ-–ø–µ—Ä–≤—ã—Ö, –≥–µ–π–º–∏–Ω–≥ –≤–æ–ø—Ä–µ–∫–∏ —Ä–∞—Å—Ö–æ–∂–µ–º—É –º–Ω–µ–Ω–∏—é –∏–Ω—Ç–µ—Ä–µ—Å—É–µ—Ç –Ω–µ —Ç–æ–ª—å–∫–æ —à–∫–æ–ª—å–Ω–∏–∫–æ–≤. –í–æ–∑—Ä–∞—Å—Ç —Å—Ä–µ–¥–Ω–µ—Å—Ç–∞—Ç–∏—á–µ—Å–∫–æ–≥–æ –≥–µ–π–º–µ—Ä–∞ - 34 –≥–æ–¥–∞, –¥–æ–ª—è 20-30 –ª–µ—Ç–Ω–∏—Ö —Å–æ—Å—Ç–∞–≤–ª—è–µ—Ç 30%, –±–æ–ª–µ–µ 10% –ø—Ä–∏—Ö–æ–¥–∏—Ç—Å—è –Ω–∞ –ª—é–¥–µ–π —Å—Ç–∞—Ä—à–µ 50 –ª–µ—Ç.
üó£Ô∏è–í–æ-–≤—Ç–æ—Ä—ã—Ö, –≥–µ–π–º–∏–Ω–≥ –∏ –∫–∏–±–µ—Ä—Å–ø–æ—Ä—Ç –¥–æ—Å—Ç—É–ø–Ω—ã –≤—Å–µ–º –∂–µ–ª–∞—é—â–∏–º - –Ω–µ –Ω—É–∂–Ω–æ –±—ã—Ç—å –≤—ã—Å–æ–∫–∏–º –∏ —Å–∏–ª—å–Ω—ã–º, —á—Ç–æ–±—ã —Å—Ç–∞—Ç—å —É—Å–ø–µ—à–Ω—ã–º –≤ –∏–≥—Ä–æ–≤–æ–º —Å–ø–æ—Ä—Ç–µ. –ò–≥—Ä–æ–∫–æ–≤-–ª—é–±–∏—Ç–µ–ª–µ–π —É–∂–µ –º–∏–ª–ª–∏–∞—Ä–¥—ã, –∞ —á–∏—Å–ª–æ –ø—Ä–æ—Ñ–µ—Å—Å–∏–æ–Ω–∞–ª—å–Ω—ã—Ö –∫–∏–±–µ—Ä—Å–ø–æ—Ä—Ç—Å–º–µ–Ω–æ–≤ –≤ –Ω–µ—Å–∫–æ–ª—å–∫–æ —Ä–∞–∑ –ø—Ä–µ–≤—ã—à–∞–µ—Ç –∏—Ö —á–∏—Å–ª–æ –≤ NFL, NBA –∏ MLB.
üó£Ô∏è–í-—Ç—Ä–µ—Ç—å–∏—Ö, —ç—Ç–æ –≥–ª–æ–±–∞–ª—å–Ω–∞—è –∏—Å—Ç–æ—Ä–∏—è ‚Äî –Ω–∞–ø—Ä–∏–º–µ—Ä, –ø—Ä–æ—Ö–æ–¥–∏–≤—à–∏–π –≤ –Ω–µ–±–æ–ª—å—à–æ–º –ø–æ–ª—å—Å–∫–æ–º –≥–æ—Ä–æ–¥–∫–µ Intel‚Äôs Extreme Masters Finals –≤ –ø—Ä—è–º–æ–º —ç—Ñ–∏—Ä–µ —Å–º–æ—Ç—Ä–µ–ª–∏ –∂–∏—Ç–µ–ª–∏ 180 —Å—Ç—Ä–∞–Ω.
–õ–∏–¥–µ—Ä –ø–æ –≤—ã—Ä—É—á–∫–µ –æ—Ç –≤–∏–¥–µ–æ–∏–≥—Ä ‚Äî —Ä—ã–Ω–æ–∫ –ö–∏—Ç–∞—è, –≥–¥–µ –∫–∏–±–µ—Ä—Å–ø–æ—Ä—Ç –ø–æ–ª—É—á–∏–ª –ø—Ä–∏–∑–Ω–∞–Ω–∏–µ –Ω–∞ –æ—Ñ–∏—Ü–∏–∞–ª—å–Ω–æ–º —É—Ä–æ–≤–Ω–µ –∏ —Å—Ç–∞–Ω–µ—Ç –º–µ–¥–∞–ª—å–Ω—ã–º –≤–∏–¥–æ–º —Å–ø–æ—Ä—Ç–∞ –Ω–∞ –ê–∑–∏–∞—Ç—Å–∫–∏—Ö –∏–≥—Ä–∞—Ö 2022. –ü–æ –ø—Ä–æ–≥–Ω–æ–∑–∞–º —ç–∫—Å–µ—Ä—Ç–æ–≤, –∫ –∫–æ–Ω—Ü—É 2021 –≥–æ–¥–∞ –æ–±—ä–µ–º –∫–∏—Ç–∞–π—Å–∫–æ–≥–æ –∏–≥—Ä–æ–≤–æ–≥–æ —Ä—ã–Ω–∫–∞ –¥–æ—Å—Ç–∏–≥–Ω–µ—Ç 35 –º–ª—Ä–¥ –¥–æ–ª–ª., –∞ —á–∏—Å–ª–µ–Ω–Ω–æ—Å—Ç—å –∏–≥—Ä–æ–∫–æ–≤ ‚Äî 650 –º–ª–Ω —á–µ–ª–æ–≤–µ–∫, —á—Ç–æ –≤ 2 —Ä–∞–∑–∞ –±–æ–ª—å—à–µ –Ω–∞—Å–µ–ª–µ–Ω–∏—è –°–®–ê.

https://finex-etf.ru/products/FXES",0,2021-07-15 14:07:00,107,27,–¥–æ 500000 ‚ÇΩ,158,22.01,"etf –Ω–æ–≤—ã–π—Ñ–æ–Ω–¥ —Ä–∞–∑–±–æ—Ä new –∏–≥—Ä–∞ games 14 –∏—é–ª—å –Ω–∞—á–∏–Ω–∞—Ç—å—Å—è —Ç–æ—Ä–≥–∏ etf —Ç–∏–∫–µ—Ä —Ñ–æ–Ω–¥ –∞–∫—Ü–∏—è –∫–æ–º–ø–∞–Ω–∏—è –∏–≥—Ä–æ–≤–æ–π –∏–Ω–¥—É—Å—Ç—Ä–∏—è –∫–∏–±–µ—Ä—Å–ø–æ—Ä—Ç —Ç–æ—Ä–≥–æ–≤–∞—Ç—å—Å—è –º–æ—Å–∫–æ–≤—Å–∫–∏–π –±–∏—Ä–∂–∞ ‚ÇΩ –∞–∫—Ü–∏—è –≤—Ö–æ–¥–∏—Ç—å –ø–æ—Ä—Ç—Ñ–µ–ª—å —Ñ–æ–Ω–¥ –Ω–æ–º–∏–Ω–∏—Ä–æ–≤–∞—Ç—å –≤–æ—Å–µ–º—å –≤–∞–ª—é—Ç–∞ üî∏ —Ñ–æ–Ω–¥ –Ω–æ–º–∏–Ω–∏—Ä–æ–≤–∞—Ç—å —Ä—É–±–ª—å –¥–æ–ª–ª–∞—Ä –Ω–∞—á–∞–ª—å–Ω—ã–π —Å—Ç–æ–∏–º–æ—Å—Ç—å –∞–∫—Ü–∏—è –æ–∫–æ–ª–æ 1 üî∏ –∫–æ–º–∏—Å—Å–∏—è —Ñ–æ–Ω–¥ —Å–æ—Å—Ç–∞–≤–ª—è—Ç—å 0 9 –≥–æ–¥–æ–≤–æ–π üî∏ —Ñ–æ–Ω–¥ –æ—Ç—Å–ª–µ–∂–∏–≤–∞—Ç—å –∏–Ω–¥–µ–∫—Å mvis global video gaming esports total return net index –ø–æ–∫—Ä—ã–≤–∞—Ç—å 90 –∏–≥—Ä–æ–≤–æ–π –∏–Ω–¥—É—Å—Ç—Ä–∏—è –ø–µ—Ä–≤—ã–π —Ä–æ—Å—Å–∏—è —Ç–µ–º–∞—Ç–∏—á–µ—Å–∫–∏–π —Ñ–æ–Ω–¥ –∫–æ—Ç–æ—Ä—ã–π –ø–æ–∑–≤–æ–ª—è—Ç—å –≤–ª–æ–∂–∏—Ç—å—Å—è –∫–æ–º–ø–∞–Ω–∏—è –∏–≥—Ä–æ–≤–æ–π –∏–Ω–¥—É—Å—Ç—Ä–∏—è –ø–æ–ª—É—á–∞—Ç—å –±–æ–ª—å—à–æ–π —á–∞—Å—Ç—å –≤—ã—Ä—É—á–∫–∞ –ø—Ä–æ–¥–∞–∂–∞ –ª–∏—Ü–µ–Ω–∑–∏—è –≤–∏–¥–µ–æ–∏–≥—Ä–∞ —Ä–∞–∑—Ä–∞–±–æ—Ç–∫–∞ –ø—Ä–æ–≥—Ä–∞–º–º–Ω—ã–π –æ–±–µ—Å–ø–µ—á–µ–Ω–∏–µ –ø—Ä–æ–∏–∑–≤–æ–¥—Å—Ç–≤–æ –∏–≥—Ä–æ–≤–æ–π  ¬´ –∂–µ–ª–µ–∑–æ ¬ª,  –æ—Ä–≥–∞–Ω–∏–∑–∞—Ü–∏—è –∫–∏–±–µ—Ä—Å–ø–æ—Ä—Ç–∏–≤–Ω—ã–π –º–µ—Ä–æ–ø—Ä–∏—è—Ç–∏–µ –±–µ–∑—É—Å–ª–æ–≤–Ω–æ –¥–∞–Ω–Ω—ã–π etf –ø–æ–∑–≤–æ–ª—è—Ç—å –∏–Ω–≤–µ—Å—Ç–æ—Ä –ø–æ–º–∏–º–æ —Å–¥–µ–ª–∞—Ç—å —Å—Ç–∞–≤–∫–∞ –ø–µ—Ä—Å–ø–µ–∫—Ç–∏–≤–Ω—ã–π –≥–ª–æ–±–∞–ª—å–Ω—ã–π —Ä—ã–Ω–æ–∫ –ø–æ–ª—É—á–∞—Ç—å –¥–æ–ø–æ–ª–Ω–∏—Ç–µ–ª—å–Ω—ã–π –¥–∏–≤–µ—Ä—Å–∏—Ñ–∏–∫–∞—Ü–∏—è –∏–Ω–≤–µ—Å—Ç–∏—Ü–∏–æ–Ω–Ω—ã–π –ø–æ—Ä—Ç—Ñ–µ–ª—å –∏–Ω–¥–µ–∫—Å –ø—Ä–æ–≤–∞–π–¥–µ—Ä mvis investable indices –ø—Ä–µ–¥—É—Å–º–∞—Ç—Ä–∏–≤–∞—Ç—å –µ–∂–µ–∫–≤–∞—Ä—Ç–∞–ª—å–Ω—ã–π —Ä–µ–±–∞–ª–∞–Ω—Å–∏—Ä–æ–≤–∫–∞ –º–∞—Ä—Ç –∏—é–Ω—å —Å–µ–Ω—Ç—è–±—Ä—å –¥–µ–∫–∞–±—Ä—å üìù —Å–æ—Å—Ç–∞–≤ —Ñ–æ–Ω–¥ —Ñ–æ–Ω–¥ –∞–∫—Ü–∏—è —Ä–∞–∑–≤–∏—Ç—ã–π —Ä–∞–∑–≤–∏–≤–∞—é—â–∏–π—Å—è —Å—Ç—Ä–∞–Ω–∞ —Å–æ–æ—Ç–Ω–æ—à–µ–Ω–∏–µ 68 32 —Ä–∏—Å—É–Ω–æ–∫ 1 –ø—Ä–∏–≤–æ–¥–∏—Ç—å —Å—Ç—Ä–∞–Ω–æ–≤–æ–π —Å–æ—Å—Ç–∞–≤ –∏–Ω–¥–µ–∫—Å –∫–æ–Ω–µ—Ü –∏—é–Ω—å 2021 –≥ ‚öñ Ô∏è—Ä–∞—Å–ø—Ä–µ–¥–µ–ª–µ–Ω–∏–µ –±–æ–ª—å—à–æ–π –¥–æ–ª—è –∏–Ω–¥–µ–∫—Å –∑–∞–Ω–∏–º–∞—Ç—å –∫–æ–º–ø–∞–Ω–∏—è –∞–∑–∏–∞—Ç—Å–∫–∏–π —Ä–µ–≥–∏–æ–Ω —Å—à–∞ —Ñ–æ—Ç–æ ü§î –æ—Ç–±–∏—Ä–∞—Ç—å—Å—è –∫–æ–º–ø–∞–Ω–∏—è —Å–ª–µ–¥–æ–≤–∞—Ç—å –∏–Ω–¥–µ–∫—Å mvis global video gaming and esports mvis investable indices –≤–µ–¥—É—â–∏–π –ø–æ—Å—Ç–∞–≤—â–∏–∫ –∏–Ω–¥–µ–∫—Å ‚òù üèª –∏–Ω–¥–µ–∫—Å –º–æ—á—å –≤–∫–ª—é—á–∞—Ç—å—Å—è –∫–æ–º–ø–∞–Ω–∏—è —á–µ–π –≤—ã—Ä—É—á–∫–∞ —Å–µ–≥–º–µ–Ω—Ç –≤–∏–¥–µ–æ–∏–≥—Ä –∫–∏–±–µ—Ä—Å–ø–æ—Ä—Ç —Å–æ—Å—Ç–∞–≤–ª—è—Ç—å –º–∞–ª–æ 50 –æ–±—â–∏–π —Ä–∞–∑–º–µ—Ä –ø–æ—Ä—Ç—Ñ–µ–ª—å —Ñ–æ–Ω–¥ –≤—Ö–æ–¥–∏—Ç—å 26 –∞–∫—Ü–∏—è —Å–µ–≥–º–µ–Ω—Ç –≤–∏–¥–µ–æ–∏–≥—Ä –∫–∏–±–µ—Ä—Å–ø–æ—Ä—Ç –≤–æ—Å–µ–º—å —Å—Ç—Ä–∞–Ω–∞ —Å—Ä–µ–¥–∏ –∏–∑–¥–∞—Ç–µ–ª—å —Ä–∞–∑—Ä–∞–±–æ—Ç—á–∏–∫ –∏–≥—Ä–∞ üñ± Ô∏è  activision blizzard üñ± Ô∏è  electronic arts üñ± Ô∏è  taketwo interactive üñ± Ô∏è  tencent üñ± Ô∏è  roblox üñ± Ô∏è  sony üñ± Ô∏è  nintendo –∞–º–µ—Ä–∏–∫–∞–Ω—Å–∫–∏–π –ø—Ä–æ–∏–∑–≤–æ–¥–∏—Ç–µ–ª—å  ¬´ –∂–µ–ª–µ–∑–æ ¬ª 
 üíª nvidia üíª amd üíª —Ç–∞–π–≤–∞–Ω—å—Å–∫–∏–π –ø—Ä–æ–∏–∑–≤–æ–¥–∏—Ç–µ–ª—å —ç–ª–µ–∫—Ç—Ä–æ–Ω–∏–∫–∞ micro star msi ),
 —Ç–∞–∫–∂–µ –∫–æ–º–ø–∞–Ω–∏—è –∫–æ—Ç–æ—Ä—ã–π –∏–Ω–¥—É—Å—Ç—Ä–∏—è –≤–∏–¥–µ–æ–∏–≥—Ä –ø—Ä–∏–Ω–æ—Å–∏—Ç—å –º–∏–Ω–∏–º—É–º –ø–æ–ª–æ–≤–∏–Ω–∞ –≤—ã—Ä—É—á–∫–∞ —é–∂–Ω—ã–π –∫–æ—Ä–µ—è –∏–Ω–¥–µ–∫—Å ü§î –∏–Ω—Ç–µ—Ä–µ—Å–Ω—ã–π –∏–≥—Ä–æ–≤–æ–π —Ä—ã–Ω–æ–∫ –¥–∞–Ω–Ω—ã–µ mordor intelligence –ø–æ—Å—Ç–∞–≤—â–∏–∫ –∏–Ω—Ñ–æ—Ä–º–∞—Ü–∏—è —Ä—ã–Ω–æ–∫ –≤–∏–¥–µ–æ–∏–≥—Ä –∫–∏–±–µ—Ä—Å–ø–æ—Ä—Ç –∏–≥—Ä–æ–≤–æ–π –∏–Ω–¥—É—Å—Ç—Ä–∏—è 2020 –≥–æ–¥ –æ—Ü–µ–Ω–∏–≤–∞—Ç—å—Å—è 174 –º–ª—Ä–¥ —Å—à–∞ —Å–ª–µ–¥—É—é—â–∏–π 5 –≥–æ–¥ –ø—Ä–æ–≥–Ω–æ–∑–∏—Ä–æ–≤–∞—Ç—å—Å—è —É–¥–≤–æ–µ–Ω–∏–µ –æ—Å–Ω–æ–≤–Ω–æ–π –ø—Ä–µ–¥–ø–æ—Å—ã–ª–∫–∞ —Å—Ç—Ä–µ–º–∏—Ç–µ–ª—å–Ω—ã–π —Ä–æ—Å—Ç  ‚Äî  —Ä–∞–∑–≤–∏—Ç–∏–µ –ø—Ä–æ–Ω–∏–∫–Ω–æ–≤–µ–Ω–∏–µ —Ç–µ—Ö–Ω–æ–ª–æ–≥–∏—è –ø–µ—Ä–µ—Ç–µ–∫–∞–Ω–∏–µ –¥–æ—Å—É–≥ –æ–Ω–ª–∞–π–Ω —Ñ–æ—Ä–º–∞—Ç —É—Å–∏–ª–µ–Ω–Ω—ã–π –ø–∞–Ω–¥–µ–º–∏—è —Ö–æ—Ç—è covid 19 –ø–æ–º–æ–≥–∞—Ç—å –∏–Ω–≤–µ—Å—Ç–æ—Ä –ø–æ–ª—É—á–∞—Ç—å —Ö–æ—Ä–æ—à–∏–π —Ä–æ—Å—Ç —Ç–µ–Ω–¥–µ–Ω—Ü–∏—è —Ä–æ—Å—Ç –¥–æ–ª–≥–æ—Å—Ä–æ—á–Ω—ã–π üó£ Ô∏è–≤–æ –ø–µ—Ä–≤—ã–π –≥–µ–π–º–∏–Ω–≥ –≤–æ–ø—Ä–µ–∫–∏ —Ä–∞—Å—Ö–æ–∂–∏–π –º–Ω–µ–Ω–∏–µ –∏–Ω—Ç–µ—Ä–µ—Å–æ–≤–∞—Ç—å —à–∫–æ–ª—å–Ω–∏–∫ –≤–æ–∑—Ä–∞—Å—Ç —Å—Ä–µ–¥–Ω–µ—Å—Ç–∞—Ç–∏—á–µ—Å–∫–∏–π –≥–µ–π–º–µ—Ä 34 –≥–æ–¥ –¥–æ–ª—è 20 30 –ª–µ—Ç–Ω–∏–π —Å–æ—Å—Ç–∞–≤–ª—è—Ç—å 30 %,  10 –ø—Ä–∏—Ö–æ–¥–∏—Ç—å—Å—è —á–µ–ª–æ–≤–µ–∫ —Å—Ç–∞—Ä—ã–π 50 –≥–æ–¥ üó£ Ô∏è–≤–æ –≤—Ç–æ—Ä–æ–π –≥–µ–π–º–∏–Ω–≥ –∫–∏–±–µ—Ä—Å–ø–æ—Ä—Ç –¥–æ—Å—Ç—É–ø–Ω—ã–π –≤–µ—Å—å –∂–µ–ª–∞—é—â–∏–π –Ω—É–∂–Ω–æ –≤—ã—Å–æ–∫–∏–π —Å–∏–ª—å–Ω—ã–π —Å—Ç–∞–Ω–æ–≤–∏—Ç—å—Å—è —É—Å–ø–µ—à–Ω—ã–π –∏–≥—Ä–æ–≤–æ–π —Å–ø–æ—Ä—Ç –∏–≥—Ä–æ–∫ –ª—é–±–∏—Ç–µ–ª—å –º–∏–ª–ª–∏–∞—Ä–¥ —á–∏—Å–ª–æ –ø—Ä–æ—Ñ–µ—Å—Å–∏–æ–Ω–∞–ª—å–Ω—ã–π –∫–∏–±–µ—Ä—Å–ø–æ—Ä—Ç—Å–º–µ–Ω –Ω–µ—Å–∫–æ–ª—å–∫–æ –ø—Ä–µ–≤—ã—à–∞—Ç—å —á–∏—Å–ª–æ nfl nba mlb üó£ Ô∏è–≤ —Ç—Ä–µ—Ç–∏–π –≥–ª–æ–±–∞–ª—å–Ω—ã–π –∏—Å—Ç–æ—Ä–∏—è  ‚Äî  –Ω–∞–ø—Ä–∏–º–µ—Ä –ø—Ä–æ—Ö–æ–¥–∏—Ç—å –Ω–µ–±–æ–ª—å—à–æ–π –ø–æ–ª—å—Å–∫–∏–π –≥–æ—Ä–æ–¥–æ–∫ intel ‚Äô s extreme masters finals –ø—Ä—è–º–æ–π —ç—Ñ–∏—Ä —Å–º–æ—Ç—Ä–µ—Ç—å –∂–∏—Ç–µ–ª—å 180 —Å—Ç—Ä–∞–Ω–∞ –ª–∏–¥–µ—Ä –≤—ã—Ä—É—á–∫–∞ –≤–∏–¥–µ–æ–∏–≥—Ä  ‚Äî  —Ä—ã–Ω–æ–∫ –∫–∏—Ç–∞–π –∫–∏–±–µ—Ä—Å–ø–æ—Ä—Ç –ø–æ–ª—É—á–∞—Ç—å –ø—Ä–∏–∑–Ω–∞–Ω–∏–µ –æ—Ñ–∏—Ü–∏–∞–ª—å–Ω—ã–π —É—Ä–æ–≤–µ–Ω—å —Å—Ç–∞–Ω–æ–≤–∏—Ç—å—Å—è –º–µ–¥–∞–ª—å–Ω—ã–π –≤–∏–¥ —Å–ø–æ—Ä—Ç –∞–∑–∏–∞—Ç—Å–∫–∏–π –∏–≥—Ä–∞ 2022 –ø—Ä–æ–≥–Ω–æ–∑ —ç–∫—Å–µ—Ä—Ç –∫–æ–Ω–µ—Ü 2021 –≥–æ–¥ –æ–±—ä–µ–º –∫–∏—Ç–∞–π—Å–∫–∏–π –∏–≥—Ä–æ–≤–æ–π —Ä—ã–Ω–æ–∫ –¥–æ—Å—Ç–∏–≥–∞—Ç—å 35 –º–ª—Ä–¥ –¥–æ–ª–ª —á–∏—Å–ª–µ–Ω–Ω–æ—Å—Ç—å –∏–≥—Ä–æ–∫  ‚Äî  650 –º–ª–Ω —á–µ–ª–æ–≤–µ–∫ 2 –±–æ–ª—å—à–æ–π –Ω–∞—Å–µ–ª–µ–Ω–∏–µ —Å—à–∞ :// etf ru products"
5,AndreiInvestorZ,"–ó–¥—Ä–∞–≤—Å—Ç–≤—É–π –¥—Ä—É–≥! –°–µ–≥–æ–¥–Ω—è —è —Ö–æ—á—É –ø–æ—Å–æ–≤–µ—Ç–æ–≤–∞—Ç—å —Ç–µ–±–µ –æ—á–µ–Ω—å –ø–µ—Ä—Å–ø–µ–∫—Ç–∏–≤–Ω—ã–π —Ñ–æ–Ω–¥ $FXES . –°–µ–π—á–∞—Å –≤–æ –≤—Å–µ–º –º–∏—Ä–µ –∏–¥—ë—Ç —Å–º–µ–Ω–∞ –ø–æ–∫–æ–ª–µ–Ω–∏–π , —Å—Ç–∞—Ä–æ–µ –ø–æ–∫–æ–ª–µ–Ω–∏–µ —É—Ö–æ–¥–∏—Ç , –Ω–æ–≤–æ–µ –ø–æ—è–≤–ª—è–µ—Ç—Å—è. –í–∏–¥–µ–æ –∏–≥—Ä—ã –ø–æ –±–æ–ª—å—à–æ–π —á–∞—Å—Ç–∏ –∏–Ω—Ç–µ—Ä–µ—Å–Ω—ã –±–æ–ª–µ–µ –º–æ–ª–æ–¥–æ–º—É –ø–æ–∫–æ–ª–µ–Ω–∏—é, –∞ –∫–∏–±–µ—Ä—Å–ø–æ—Ä—Ç —É–∂–µ —Å—Ç–∞–ª –ø–æ–ª–Ω–æ—Ü–µ–Ω–Ω—ã–º —Å–ø–æ—Ä—Ç–æ–º —Å–æ —Å–≤–æ–∏–º–∏ —Ñ–∞–Ω–∞—Ç–∞–º–∏ –∏ —Å—Ç–∞–≤–∫–∞–º–∏. –°–µ–π—á–∞—Å —Å–∞–º–æ–µ –≤—Ä–µ–º—è (–≤–æ –≤—Ä–µ–º—è –ø–∞–Ω–¥–µ–º–∏–∏) –∫—É–ø–∏—Ç—å —ç—Ç–æ —Ñ–æ–Ω–¥. –ù–∞ –¥–∞–Ω–Ω—ã–π –º–æ–º–µ–Ω—Ç –Ω–µ –ø—Ä–æ–≤–æ–¥–∏—Ç—Å—è –∫—Ä—É–ø–Ω—ã—Ö —Ç—É—Ä–Ω–∏—Ä–æ–≤, –Ω–æ –∫–æ–≥–¥–∞ –ø–∞–Ω–¥–µ–º–∏—è —É–≥–∞—Å–Ω–µ—Ç, —Ç–æ –∫–∏–±–µ—Ä—Å–ø–æ—Ä—Ç –ø—Ä–æ–¥–æ–ª–∂–∏—Ç —Ä–∞–∑–≤–∏–≤–∞—Ç—å—Å—è –∏ –Ω–∞–±–∏—Ä–∞—Ç—å  –ø–æ–ø—É–ª—è—Ä–Ω–æ—Å—Ç—å. –õ–∏—á–Ω–æ —è –≤–∫–ª–∞–¥—ã–≤–∞—é—Å—å –≤ –¥–æ–ª–≥–æ—Å—Ä–æ—á–Ω—É—é –ø–µ—Ä—Å–ø–µ–∫—Ç–∏–≤—É –∏ –≤ —Å–ª—É—á–∞–µ –ø—Ä–æ—Å–∞–¥–∫–∏ –±—É–¥—É –¥–æ–∫—É–ø–∞—Ç—å. –í—Å–µ–º –¥–æ–±—Ä–∞:) 
#–ö–∏–±–µ—Ä—Å–ø–æ—Ä—Ç #–≤–∏–¥–µ–æ–∏–≥—Ä—ã #games #—Ñ–æ–Ω–¥",0,2021-07-15 14:07:00,1,4,–¥–æ 50000 ‚ÇΩ,8,1.26,"–∑–¥—Ä–∞–≤—Å—Ç–≤–æ–≤–∞—Ç—å –¥—Ä—É–≥ —Å–µ–≥–æ–¥–Ω—è —Ö–æ—Ç–µ—Ç—å –ø–æ—Å–æ–≤–µ—Ç–æ–≤–∞—Ç—å –æ—á–µ–Ω—å –ø–µ—Ä—Å–ø–µ–∫—Ç–∏–≤–Ω—ã–π —Ñ–æ–Ω–¥ –º–∏—Ä –∏–¥—Ç–∏ —Å–º–µ–Ω–∞ –ø–æ–∫–æ–ª–µ–Ω–∏–µ —Å—Ç–∞—Ä—ã–π –ø–æ–∫–æ–ª–µ–Ω–∏–µ —É—Ö–æ–¥–∏—Ç—å –Ω–æ–≤—ã–π –ø–æ—è–≤–ª—è—Ç—å—Å—è –≤–∏–¥–µ–æ –∏–≥—Ä–∞ –±–æ–ª—å—à–æ–π —á–∞—Å—Ç—å –∏–Ω—Ç–µ—Ä–µ—Å–Ω—ã–π –º–æ–ª–æ–¥–æ–π –ø–æ–∫–æ–ª–µ–Ω–∏–µ –∫–∏–±–µ—Ä—Å–ø–æ—Ä—Ç —Å—Ç–∞–Ω–æ–≤–∏—Ç—å—Å—è –ø–æ–ª–Ω–æ—Ü–µ–Ω–Ω—ã–π —Å–ø–æ—Ä—Ç —Å–≤–æ–π —Ñ–∞–Ω–∞—Ç —Å—Ç–∞–≤–∫–∞ —Å–∞–º—ã–π –≤—Ä–µ–º—è –≤—Ä–µ–º—è –ø–∞–Ω–¥–µ–º–∏—è –∫—É–ø–∏—Ç—å —Ñ–æ–Ω–¥ –¥–∞–Ω–Ω—ã–π –º–æ–º–µ–Ω—Ç –ø—Ä–æ–≤–æ–¥–∏—Ç—å—Å—è –∫—Ä—É–ø–Ω—ã–π —Ç—É—Ä–Ω–∏—Ä –ø–∞–Ω–¥–µ–º–∏—è —É–≥–∞—Å–∞—Ç—å –∫–∏–±–µ—Ä—Å–ø–æ—Ä—Ç –ø—Ä–æ–¥–æ–ª–∂–∞—Ç—å —Ä–∞–∑–≤–∏–≤–∞—Ç—å—Å—è –Ω–∞–±–∏—Ä–∞—Ç—å –ø–æ–ø—É–ª—è—Ä–Ω–æ—Å—Ç—å –ª–∏—á–Ω–æ –≤–∫–ª–∞–¥—ã–≤–∞—Ç—å—Å—è –¥–æ–ª–≥–æ—Å—Ä–æ—á–Ω—ã–π –ø–µ—Ä—Å–ø–µ–∫—Ç–∏–≤–∞ —Å–ª—É—á–∞–π –ø—Ä–æ—Å–∞–¥–∫–∞ –¥–æ–∫—É–ø–∞—Ç—å –¥–æ–±—Ä–æ :) 
 –∫–∏–±–µ—Ä—Å–ø–æ—Ä—Ç –≤–∏–¥–µ–æ–∏–≥—Ä–∞ games —Ñ–æ–Ω–¥"
6,AGED,–ö–æ–≥–¥–∞ –ø—Ä–æ–ø—É—Å—Ç–∏–ª —Ä–∞—Å–ø—Ä–æ–¥–∞–∂—É $FXES,1,2021-07-15 13:07:00,1,20,–¥–æ 50000 ‚ÇΩ,132,-179.38,–ø—Ä–æ–ø—É—Å–∫–∞—Ç—å —Ä–∞—Å–ø—Ä–æ–¥–∞–∂–∞
7,v4us,$FXES  –¥–ª—è –≤—Å–µ—Ö —Å–ø–µ–∫—É–ª—è–Ω—Ç–æ–≤ –Ω–∞ —Ñ–æ–Ω–¥–∞—Ö https://www.tinkoff.ru/invest/social/profile/boring_invest/7ce1deda-dd9c-4f2b-ab70-bb8418c85000?utm_source=share :-),0,2021-07-15 12:07:00,49,26,–¥–æ 500000 ‚ÇΩ,37,40.55,"–≤–µ—Å—å —Å–ø–µ–∫—É–ª—è–Ω—Ç —Ñ–æ–Ω–¥ :// www tinkoff ru invest social profile boring invest 7ce1deda dd9c 4f2b ab70 bb8418c85000 utm source share  :-)
"
8,MXMBNKNDRF,"üìà–ù–∞ Netflix –∫ 2022 –≥–æ–¥—É –ø–æ—è–≤–∏—Ç—Å—è —Ä–∞–∑–¥–µ–ª –≤–∏–¥–µ–æ–∏–≥—Ä, —Å–æ–æ–±—â–∞–µ—Ç Bloomberg. –ö–∞–∫ —Å–æ–æ–±—â–∞–µ—Ç –∏—Å—Ç–æ—á–Ω–∏–∫ –∏–∑–¥–∞–Ω–∏—è, –≤–≤–æ–¥–∏—Ç—å –¥–æ–ø–æ–ª–Ω–∏—Ç–µ–ª—å–Ω—É—é –ø–ª–∞—Ç—É –∑–∞ –¥–æ—Å—Ç—É–ø –∫ –∏–≥—Ä–∞–º —Å–µ—Ä–≤–∏—Å –Ω–∞ –Ω–∞—á–∞–ª—å–Ω—ã—Ö —ç—Ç–∞–ø–∞—Ö –Ω–µ —Å–æ–±–∏—Ä–∞–µ—Ç—Å—è. –°—É–¥—è –ø–æ –≤—Å–µ–º—É, Netflix –ø–ª–∞–Ω–∏—Ä—É–µ—Ç –≤—ã–ø—É—Å–∫–∞—Ç—å —É–Ω–∏–∫–∞–ª—å–Ω—ã–π –∫–æ–Ω—Ç–µ–Ω—Ç, –∫–æ—Ç–æ—Ä–æ–≥–æ –Ω–µ—Ç —É –∫–æ–Ω–∫—É—Ä–µ–Ω—Ç–æ–≤.

–†—É–∫–æ–≤–æ–¥–∏—Ç–µ–ª–µ–º –ø–æ–¥—Ä–∞–∑–¥–µ–ª–µ–Ω–∏—è –ø–æ—Å—Ç–∞–≤–∏–ª–∏ –ú–∞–π–∫–∞ –í–µ—Ä–¥—É, –∫–æ—Ç–æ—Ä—ã–π –±—ã–ª –≤–∏—Ü–µ-–ø—Ä–µ–∑–∏–¥–µ–Ω—Ç–æ–º Facebook Reality Labs –∏ –≤–∏—Ü–µ-–ø—Ä–µ–∑–∏–¥–µ–Ω—Ç–æ–º –ø–æ –º–æ–±–∏–ª—å–Ω—ã–º –∏–≥—Ä–∞–º –≤ Electronic Arts, –∞ —Ç–∞–∫–∂–µ —Ä–∞–∑—Ä–∞–±–∞—Ç—ã–≤–∞–ª –∏–≥—Ä—ã –¥–ª—è –æ—á–∫–æ–≤ –≤–∏—Ä—Ç—É–∞–ª—å–Ω–æ–π —Ä–µ–∞–ª—å–Ω–æ—Å—Ç–∏ Oculus.

ü§î–ö–∞–∫–æ–π –∫–æ–Ω—Ç–µ–Ω—Ç –º–æ–∂–Ω–æ –æ–∂–∏–¥–∞—Ç—å? –°–∫–æ—Ä–µ–µ –≤—Å–µ–≥–æ, –ø–ª–∞—Ç—Ñ–æ—Ä–º–∞ –±—É–¥–µ—Ç –æ—Ä–∏–µ–Ω—Ç–∏—Ä–æ–≤–∞—Ç—å—Å—è –Ω–∞ –¥–æ–ø–æ–ª–Ω–µ–Ω–Ω—É—é —Ä–µ–∞–ª—å–Ω–æ—Å—Ç—å –∏ –∏–Ω—Ç–µ—Ä–∞–∫—Ç–∏–≤–Ω–æ–µ –∫–∏–Ω–æ. Netflix —É–∂–µ –ø–æ–∫–∞–∑—ã–≤–∞–ª–∏, —á—Ç–æ –æ–Ω–∏ —É–º–µ—é—Ç –∏ –¥–æ–≤–æ–ª—å–Ω–æ —É—Å–ø–µ—à–Ω–æ –Ω–∞ –ø—Ä–∏–º–µ—Ä–µ ¬´–ß–µ—Ä–Ω–æ–µ –∑–µ—Ä–∫–∞–ª–æ: –ë—Ä–∞–Ω–¥–∞—à–º—ã–≥¬ª (–æ–±–æ–∂–∞—é —Ä—É—Å—Å–∫–∏–π –ø–µ—Ä–µ–≤–æ–¥ –Ω–∞–∑–≤–∞–Ω–∏—è —ç—Ç–æ–≥–æ —Ñ–∏–ª—å–º–∞). –í—Ä—è–¥ –ª–∏ –ø–ª–æ—â–∞–¥–∫–∞ –ø—Ä–µ–¥–ª–æ–∂–∏—Ç –∫–ª–∞—Å—Å–∏—á–µ—Å–∫–∏–µ –∂–∞–Ω—Ä—ã –∏ –ø—Ä–æ–¥–æ–ª–∂–∏—Ç —ç–∫—Å–ø–µ—Ä–∏–º–µ–Ω—Ç–∏—Ä–æ–≤–∞—Ç—å –≤ —Å–≤–æ—ë–º –Ω–∞–ø—Ä–∞–≤–ª–µ–Ω–∏–∏. 

–û–¥–Ω–∏–º –∏–∑ –≤–æ–∑–º–æ–∂–Ω—ã—Ö –Ω–∞–ø—Ä–∞–≤–ª–µ–Ω–∏–π –º–æ–∂–µ—Ç —Å—Ç–∞—Ç—å –æ–±–ª–∞—á–Ω—ã–π –≥–µ–π–º–∏–Ω–≥. –¢—É—Ç —Ä–µ–±—è—Ç–∞–º –ø—Ä–µ–¥—Å—Ç–æ–∏—Ç –ø–æ–±–æ—Ä–æ—Ç—å—Å—è —Å Google, Microsoft –∏ Nvidia –∑–∞ –º–µ—Å—Ç–æ –ø–æ–¥ —Å–æ–ª–Ω—Ü–µ–º —É –æ–±—ã—á–Ω—ã—Ö –≥–µ–π–º–µ—Ä–æ–≤. 

$NFLX $MSFT $NVDA $FXES",1,2021-07-15 12:07:00,7,28,–¥–æ 50000 ‚ÇΩ,168,-22.16,üìà netflix 2022 –≥–æ–¥ –ø–æ—è–≤–ª—è—Ç—å—Å—è —Ä–∞–∑–¥–µ–ª –≤–∏–¥–µ–æ–∏–≥—Ä —Å–æ–æ–±—â–∞—Ç—å bloomberg —Å–æ–æ–±—â–∞—Ç—å –∏—Å—Ç–æ—á–Ω–∏–∫ –∏–∑–¥–∞–Ω–∏–µ –≤–≤–æ–¥–∏—Ç—å –¥–æ–ø–æ–ª–Ω–∏—Ç–µ–ª—å–Ω—ã–π –ø–ª–∞—Ç–∞ –¥–æ—Å—Ç—É–ø –∏–≥—Ä–∞ —Å–µ—Ä–≤–∏—Å –Ω–∞—á–∞–ª—å–Ω—ã–π —ç—Ç–∞–ø —Å–æ–±–∏—Ä–∞—Ç—å—Å—è —Å—É–¥—è netflix –ø–ª–∞–Ω–∏—Ä–æ–≤–∞—Ç—å –≤—ã–ø—É—Å–∫–∞—Ç—å —É–Ω–∏–∫–∞–ª—å–Ω—ã–π –∫–æ–Ω—Ç–µ–Ω—Ç –∫–æ—Ç–æ—Ä—ã–π –∫–æ–Ω–∫—É—Ä–µ–Ω—Ç —Ä—É–∫–æ–≤–æ–¥–∏—Ç–µ–ª—å –ø–æ–¥—Ä–∞–∑–¥–µ–ª–µ–Ω–∏–µ –ø–æ—Å—Ç–∞–≤–ª—è—Ç—å –º–∞–π–∫–∞ –≤–µ—Ä–¥–∞ –∫–æ—Ç–æ—Ä—ã–π –≤–∏—Ü–µ-–ø—Ä–µ–∑–∏–¥–µ–Ω—Ç facebook reality labs –≤–∏—Ü–µ-–ø—Ä–µ–∑–∏–¥–µ–Ω—Ç –º–æ–±–∏–ª—å–Ω—ã–π –∏–≥—Ä–∞ electronic arts —Ç–∞–∫–∂–µ —Ä–∞–∑—Ä–∞–±–∞—Ç—ã–≤–∞—Ç—å –∏–≥—Ä–∞ –æ—á–∫–∏ –≤–∏—Ä—Ç—É–∞–ª—å–Ω—ã–π —Ä–µ–∞–ª—å–Ω–æ—Å—Ç—å oculus ü§î –∫–æ–Ω—Ç–µ–Ω—Ç –æ–∂–∏–¥–∞—Ç—å —Å–∫–æ—Ä–æ –ø–ª–∞—Ç—Ñ–æ—Ä–º–∞ –æ—Ä–∏–µ–Ω—Ç–∏—Ä–æ–≤–∞—Ç—å—Å—è –¥–æ–ø–æ–ª–Ω—è—Ç—å —Ä–µ–∞–ª—å–Ω–æ—Å—Ç—å –∏–Ω—Ç–µ—Ä–∞–∫—Ç–∏–≤–Ω—ã–π –∫–∏–Ω–æ netflix –ø–æ–∫–∞–∑—ã–≤–∞—Ç—å —É–º–µ—Ç—å –¥–æ–≤–æ–ª—å–Ω–æ —É—Å–ø–µ—à–Ω–æ –ø—Ä–∏–º–µ—Ä  ¬´ —á–µ—Ä–Ω—ã–π –∑–µ—Ä–∫–∞–ª–æ –±—Ä–∞–Ω–¥–∞—à–º—ã–≥ ¬ª ( –æ–±–æ–∂–∞—Ç—å —Ä—É—Å—Å–∫–∏–π –ø–µ—Ä–µ–≤–æ–¥ –Ω–∞–∑–≤–∞–Ω–∏–µ —Ñ–∏–ª—å–º –≤—Ä—è–¥ –ø–ª–æ—â–∞–¥–∫–∞ –ø—Ä–µ–¥–ª–∞–≥–∞—Ç—å –∫–ª–∞—Å—Å–∏—á–µ—Å–∫–∏–π –∂–∞–Ω—Ä –ø—Ä–æ–¥–æ–ª–∂–∞—Ç—å —ç–∫—Å–ø–µ—Ä–∏–º–µ–Ω—Ç–∏—Ä–æ–≤–∞—Ç—å —Å–≤–æ–π –Ω–∞–ø—Ä–∞–≤–ª–µ–Ω–∏–µ –≤–æ–∑–º–æ–∂–Ω—ã–π –Ω–∞–ø—Ä–∞–≤–ª–µ–Ω–∏–µ –º–æ—á—å —Å—Ç–∞–Ω–æ–≤–∏—Ç—å—Å—è –æ–±–ª–∞—á–Ω—ã–π –≥–µ–π–º–∏–Ω–≥ —Ä–µ–±—è—Ç–∞ –ø—Ä–µ–¥—Å—Ç–æ—è—Ç—å –ø–æ–±–æ—Ä–æ—Ç—å—Å—è google microsoft nvidia –º–µ—Å—Ç–æ —Å–æ–ª–Ω—Ü–µ –æ–±—ã—á–Ω—ã–π –≥–µ–π–º–µ—Ä nflx msft nvda
9,v4us,"$FXES –µ—Å–ª–∏ –ø–æ—Å–º–æ—Ç—Ä–µ—Ç—å –ü—É–ª—å—Å –ø–æ —Ñ–æ–Ω–¥—É, —Ç–æ –º–Ω–æ–≥–∏–µ –ø–∏—à—É—Ç, —á—Ç–æ –≤–æ—Ç –†–∞–∫–µ—Ç–∞, —É–¥–∞–ª–æ—Å—å –∑–∞—Ä–∞–±–æ—Ç–∞—Ç—å +36% –∏ —Ç–∞–∫ –¥–∞–ª–µ–µ.  –ú–Ω–µ –±—ã —Ö–æ—Ç–µ–ª–æ—Å—å –ø–æ—è—Å–Ω–∏—Ç—å —Ç–∞–∫–æ–π —Ç–µ—Ä–º–∏–Ω: ¬´–ø—Ä–æ–∫–æ–ª¬ª. –≠—Ç–æ –∫—Ä–∞—Ç–∫–æ–≤—Ä–µ–º–µ–Ω–Ω–æ–µ –∏–∑–º–µ–Ω–µ–Ω–∏–µ —Ü–µ–Ω—ã –≤ —Å–≤—è–∑–∏ —Å –º–æ–º–µ–Ω—Ç–∞–ª—å–Ω–æ–π –ø–æ—Ç–µ—Ä–µ–π –ª–∏–∫–≤–∏–¥–Ω–æ—Å—Ç–∏ –±—É–º–∞–≥–∏.  
–ò–º–µ–Ω–Ω–æ –∏–∑-–∑–∞ –≤–µ—Ä–æ—è—Ç–Ω–æ—Å—Ç–∏ –ø—Ä–æ–∫–æ–ª–æ–≤ –æ—Ç–ª–æ–∂–µ–Ω–Ω—ã–µ –æ—Ä–¥–µ—Ä–∞ (take-profit // stop-loose) —Å—Ä–∞–±–∞—Ç—ã–≤–∞—é—Ç —Å –∑–∞–¥–µ—Ä–∂–∫–æ–π. –ß—Ç–æ –∂–µ –ø—Ä–æ–∏–∑–æ—à–ª–æ ? –ü–æ—á–µ–º—É –ø—Ä–æ–∏—Å—Ö–æ–¥—è—Ç –ø—Ä–æ–∫–æ–ª—ã ? 
–ù–∞ —Ä—ã–Ω–∫–µ –µ—Å—Ç—å 2 —Ç–∏–ø–∞ –∏–≥—Ä–æ–∫–æ–≤, —Å —Ç–æ—á–∫–∏ –∑—Ä–µ–Ω–∏—è –ª–∏–∫–≤–∏–¥–Ω–æ—Å—Ç–∏: Taker(–±–µ—Ä—É—â–∏–π) –∏ Maker (—Å–æ–∑–¥–∞—é—â–∏–π). 
–ë–µ—Ä—É—â–∏–π —É–º–µ–Ω—å—à–∞–µ—Ç –æ–±—ä—ë–º –¥–æ—Å—Ç—É–ø–Ω–æ–π –ª–∏–∫–≤–∏–¥–Ω–æ—Å—Ç–∏. 
–ê –°–æ–∑–¥–∞—é—â–∏–π –µ—ë —É–≤–µ–ª–∏—á–∏–≤–∞–µ—Ç. –ö–∞–∫ ? –†–∞–∑–Ω—ã–º–∏ —Ç–∏–ø–∞–º–∏ –∑–∞—è–≤–æ–∫: –ª–∏–º–∏—Ç–Ω—ã–µ –∑–∞—è–≤–∫–∏ —Å–æ–∑–¥–∞—é—Ç –ª–∏–∫–≤–∏–¥–Ω–æ—Å—Ç—å, —Ç–∞–∫ –∫–∞–∫ –µ—Å–ª–∏ –æ–Ω–∏ –Ω–µ –±—É–¥—É—Ç —É–¥–æ–≤–ª–µ—Ç–≤–æ—Ä–µ–Ω—ã, —Ç–æ –æ–Ω–∏ –ø—Ä–æ–¥–æ–ª–∂–∞—Ç —Å—É—â–µ—Å—Ç–≤–æ–≤–∞—Ç—å –≤ —Ç–æ—Ä–≥–æ–≤–æ–π —Å–∏—Å—Ç–µ–º–µ –∏ –±—É–¥—É—Ç –æ–∂–∏–¥–∞—Ç—å —Å–≤–æ–µ–≥–æ –≤—ã–ø–æ–ª–Ω–µ–Ω–∏—è. –í —Ç–æ –≤—Ä–µ–º—è –∫–∞–∫ –†—ã–Ω–æ—á–Ω—ã–µ –∑–∞—è–≤–∫–∏ —Å–º–µ—Ç–∞—é—Ç –≤—Å–µ —á—Ç–æ –µ—Å—Ç—å. 

–¢–∞–∫ –≤–æ—Ç, –µ—Å–ª–∏ –í—ã –ø–æ–∫—É–ø–∞–µ—Ç–µ –ø–æ —Ä—ã–Ω–∫—É (–Ω–µ –ø—É—Ç–∞—Ç—å —Å –ª—É—á—à–µ–π —Ü–µ–Ω–æ–π –æ—Ç –¢–∏–Ω—å–∫–æ—Ñ—Ñ –ò–Ω–≤–µ—Å—Ç–∏—Ü–∏–∏, —ç—Ç–æ –Ω–µ —Ä—ã–Ω–æ—á–Ω–∞—è –∞ –ª–∏–º–∏—Ç–Ω–∞—è –∑–∞—è–≤–∫–∞ —Å –≤—ã—Å—Ç–∞–≤–ª–µ–Ω–Ω–æ–π —Ü–µ–Ω–æ–π –Ω–∞ % –≤—ã—à–µ —Ä—ã–Ω–æ—á–Ω–æ–π, –¥–ª—è —É–≤–µ–ª–∏—á–µ–Ω–∏—è —à–∞–Ω—Å–∞ —É–¥–æ–≤–ª–µ—Ç–≤–æ—Ä–µ–Ω–∏—è) –∏ –∏—Å—Å—è–∫–ª–∞ –ª–∏–∫–≤–∏–¥–Ω–æ—Å—Ç—å, —Ç–æ —Ü–µ–Ω–∞ –±—É–¥–µ—Ç –ª–µ—Ç–µ—Ç—å –≤ –∫–æ—Å–º–æ—Å. –°–µ–π—á–∞—Å –ú–∞—Ä–∫–µ—Ç –ú–∞–∫–∞—Ä –ø–æ–¥–¥–µ—Ä–∂–∏–≤–∞–µ—Ç –ª–∏–∫–≤–∏–¥–Ω–æ—Å—Ç—å –Ω–∞ —É—Ä–æ–≤–Ω–µ 100 000 –ª–æ—Ç–æ–≤ , –æ—Å—Ç–∞–ª—å–Ω–∞—è –ª–∏–∫–≤–∏–¥–Ω–æ—Å—Ç—å —Ä—ã–Ω–æ—á–Ω–∞—è. –¢–∞–∫ –∂–µ –ú–∞—Ä–∫–µ—Ç –º–∞–∫–µ—Ä –ø–µ—Ä–µ–æ–¥–∏—á–µ—Å–∫–∏ –ø—Ä–æ–ø–∞–¥–∞–µ—Ç –∏ –ø—Ä–æ–ø—É—Å–∫–∞–µ—Ç —á–∞—Å—Ç—å –±–∏—Ä–∂–µ–≤—ã—Ö –≤—Ä–µ–º–µ–Ω–Ω—ã—Ö  —Ç–∏–∫–æ–≤ (—Ç–æ—Ä–≥–æ–≤—ã–π —Ç–∏–∫ –ú–æ—Å–∫–æ–≤—Å–∫–æ–π –±–∏—Ä–∂–∏ 500–º—Å), —Ä—ã–Ω–æ—á–Ω–∞—è –∑–∞—è–≤–∫–∞ —Å–ø–æ—Å–æ–±–Ω–∞ –ø–æ–¥–≤–∏–Ω—É—Ç—å —Ü–µ–Ω—É –≤–≤–µ—Ä—Ö, –∞ –∑–∞ –Ω–µ–π –±—ã—Å—Ç—Ä–æ –ø–æ–ª–µ–∂–∞—Ç—å –¥—Ä—É–≥–∏–µ –±–æ—Ç—ã. –ù–∞ –ú–æ—Å–∫–æ–≤—Å–∫–æ–π –±–∏—Ä–∂–µ –µ—Å—Ç—å –º–µ—Ö–∞–Ω–∏–∑–º –∑–∞—â–∏—Ç—ã, –Ω–æ –æ–Ω –Ω–µ –≤—Å–µ–≥–¥–∞ —Å—Ä–∞–±–∞—Ç—ã–≤–∞–µ—Ç –≤ –º–æ–º–µ–Ω—Ç –æ—Ç–∫—Ä—ã—Ç–∏–π —Å–µ—Å—Å–∏–π: https://www.moex.com/n30641/?nt=106 

–í—ã–≤–æ–¥: —Å—Ç–∞—Ä–∞–π—Ç–µ—Å—å –Ω–µ –ø–æ–∫—É–ø–∞—Ç—å –ø–æ —Ä—ã–Ω–∫—É, –æ—á–µ–Ω—å –æ–±–¥—É–º–∞–Ω–Ω–æ –æ—Ç–Ω–æ—Å–∏—Ç–µ—Å—å –∫ —ç—Ç–æ–π —Ñ–æ—Ä–º–µ –∑–∞—è–≤–∫–µ. –ï—Å–ª–∏ —Ö–æ—Ç–∏—Ç–µ –ª–æ–≤–∏—Ç—å —Ç–∞–∫–∏–µ ¬´–ø—Ä–æ–∫–æ–ª—ã¬ª (–∞ –æ–Ω–∏ –º–æ–≥—É—Ç –±—ã—Ç—å –∫–∞–∫ –≤ –≤–µ—Ä—Ö, —Ç–∞–∫ –∏ –≤ –Ω–∏–∑, –≤ –º–æ–º–µ–Ω—Ç—ã –≤—ã—Å–æ–∫–æ–π –∞–∫—Ç–∏–≤–Ω–æ—Å—Ç–∏ (–æ—Ç–∫—Ä—ã—Ç–∏–µ –∏ –∑–∞–∫—Ä—ã—Ç–∏–µ —Å–µ—Å—Å–∏–∏)), —Ç–æ –≤—ã—Å—Ç–∞–≤–ª—è–π—Ç–µ –ª–∏–º–∏—Ç–Ω—ã–µ –∑–∞—è–≤–∫–∏ –Ω–∞ –Ω—É–∂–Ω—É—é —Ü–µ–Ω—É, –∞ –Ω–µ –æ—Ç–ª–æ–¥–µ–Ω–Ω—ã–µ –æ—Ä–¥–µ—Ä–∞. 

–ù–∞–¥–µ—é—Å—å —Å–µ–π—á–∞—Å –≤—Å–µ–º —É—á–∞—Å—Ç–Ω–∏–∫–∞–º —Å—Ç–∞–ª–æ –ø–æ–Ω—è—Ç–Ω–µ–µ, —á—Ç–æ –æ—Ç—Å—É—Ç—Å–≤–∏–µ –ª–∏–∫–≤–∏–¥–Ω–æ—Å—Ç–∏ –Ω–∞ –ø–æ–∫—É–ø–∫—É –∏–ª–∏ –ø—Ä–æ–¥–∞–∂—É –¥–≤–∏–≥–∞–µ—Ç —Ü–µ–Ω—É –≤ —Å–æ–æ—Ç–≤–µ—Ç—Å—Ç–≤—É—é—â—É—é —Å—Ç–æ—Ä–æ–Ω—É.",6,2021-07-15 12:07:00,49,26,–¥–æ 500000 ‚ÇΩ,37,40.55,"–ø–æ—Å–º–æ—Ç—Ä–µ—Ç—å –ø—É–ª—å—Å —Ñ–æ–Ω–¥ –º–Ω–æ–≥–∏–µ –ø–∏—Å–∞—Ç—å —Ä–∞–∫–µ—Ç–∞ —É–¥–∞–≤–∞—Ç—å—Å—è –∑–∞—Ä–∞–±–∞—Ç—ã–≤–∞—Ç—å 36 –¥–∞–ª–µ–µ —Ö–æ—Ç–µ—Ç—å—Å—è –ø–æ—è—Å–Ω—è—Ç—å —Ç–µ—Ä–º–∏–Ω : ¬´ –ø—Ä–æ–∫–æ–ª ¬ª –∫—Ä–∞—Ç–∫–æ–≤—Ä–µ–º–µ–Ω–Ω—ã–π –∏–∑–º–µ–Ω–µ–Ω–∏–µ —Ü–µ–Ω–∞ —Å–≤—è–∑—å –º–æ–º–µ–Ω—Ç–∞–ª—å–Ω—ã–π –ø–æ—Ç–µ—Ä—è –ª–∏–∫–≤–∏–¥–Ω–æ—Å—Ç—å –±—É–º–∞–≥–∞ –∏–º–µ–Ω–Ω–æ –∏–∑-–∑–∞ –≤–µ—Ä–æ—è—Ç–Ω–æ—Å—Ç—å –ø—Ä–æ–∫–æ–ª –æ—Ç–∫–ª–∞–¥—ã–≤–∞—Ç—å –æ—Ä–¥–µ—Ä take profit  //  stop loose —Å—Ä–∞–±–∞—Ç—ã–≤–∞—Ç—å –∑–∞–¥–µ—Ä–∂–∫–∞ –ø—Ä–æ–∏—Å—Ö–æ–¥–∏—Ç—å –ø–æ—á–µ–º—É –ø—Ä–æ–∏—Å—Ö–æ–¥–∏—Ç—å –ø—Ä–æ–∫–æ–ª —Ä—ã–Ω–æ–∫ 2 —Ç–∏–ø –∏–≥—Ä–æ–∫ —Ç–æ—á–∫–∞ –∑—Ä–µ–Ω–∏–µ –ª–∏–∫–≤–∏–¥–Ω–æ—Å—Ç—å taker –±—Ä–∞—Ç—å maker —Å–æ–∑–¥–∞–≤–∞—Ç—å –±—Ä–∞—Ç—å —É–º–µ–Ω—å—à–∞—Ç—å –æ–±—ä–µ–º –¥–æ—Å—Ç—É–ø–Ω—ã–π –ª–∏–∫–≤–∏–¥–Ω–æ—Å—Ç—å —Å–æ–∑–¥–∞–≤–∞—Ç—å —É–≤–µ–ª–∏—á–∏–≤–∞—Ç—å —Ä–∞–∑–Ω—ã–π —Ç–∏–ø –∑–∞—è–≤–∫–∞ –ª–∏–º–∏—Ç–Ω—ã–π –∑–∞—è–≤–∫–∞ —Å–æ–∑–¥–∞–≤–∞—Ç—å –ª–∏–∫–≤–∏–¥–Ω–æ—Å—Ç—å —É–¥–æ–≤–ª–µ—Ç–≤–æ—Ä—è—Ç—å –ø—Ä–æ–¥–æ–ª–∂–∞—Ç—å —Å—É—â–µ—Å—Ç–≤–æ–≤–∞—Ç—å —Ç–æ—Ä–≥–æ–≤—ã–π —Å–∏—Å—Ç–µ–º–∞ –æ–∂–∏–¥–∞—Ç—å —Å–≤–æ–π –≤—ã–ø–æ–ª–Ω–µ–Ω–∏–µ –≤—Ä–µ–º—è —Ä—ã–Ω–æ—á–Ω—ã–π –∑–∞—è–≤–∫–∞ —Å–º–µ—Ç–∞—Ç—å –ø–æ–∫—É–ø–∞—Ç—å —Ä—ã–Ω–æ–∫ –ø—É—Ç–∞—Ç—å —Ö–æ—Ä–æ—à–∏–π —Ü–µ–Ω–∞ —Ç–∏–Ω—å–∫–æ—Ñ—Ñ –∏–Ω–≤–µ—Å—Ç–∏—Ü–∏—è —Ä—ã–Ω–æ—á–Ω—ã–π –ª–∏–º–∏—Ç–Ω—ã–π –∑–∞—è–≤–∫–∞ –≤—ã—Å—Ç–∞–≤–ª—è—Ç—å —Ü–µ–Ω–∞ –≤—ã—Å–æ–∫–∏–π —Ä—ã–Ω–æ—á–Ω—ã–π —É–≤–µ–ª–∏—á–µ–Ω–∏–µ —à–∞–Ω—Å —É–¥–æ–≤–ª–µ—Ç–≤–æ—Ä–µ–Ω–∏–µ –∏—Å—Å—è–∫–∞—Ç—å –ª–∏–∫–≤–∏–¥–Ω–æ—Å—Ç—å —Ü–µ–Ω–∞ –ª–µ—Ç–µ—Ç—å –∫–æ—Å–º–æ—Å –º–∞—Ä–∫–µ—Ç –º–∞–∫–∞—Ä –ø–æ–¥–¥–µ—Ä–∂–∏–≤–∞—Ç—å –ª–∏–∫–≤–∏–¥–Ω–æ—Å—Ç—å —É—Ä–æ–≤–µ–Ω—å 100 000 –ª–æ—Ç –æ—Å—Ç–∞–ª—å–Ω–æ–π –ª–∏–∫–≤–∏–¥–Ω–æ—Å—Ç—å —Ä—ã–Ω–æ—á–Ω—ã–π –º–∞—Ä–∫–µ—Ç –º–∞–∫–µ—Ä –ø–µ—Ä–µ–æ–¥–∏—á–µ—Å–∫–∏ –ø—Ä–æ–ø–∞–¥–∞—Ç—å –ø—Ä–æ–ø—É—Å–∫–∞—Ç—å —á–∞—Å—Ç—å –±–∏—Ä–∂–µ–≤–æ–π –≤—Ä–µ–º–µ–Ω–Ω—ã–π —Ç–∏–∫ —Ç–æ—Ä–≥–æ–≤—ã–π —Ç–∏–∫ –º–æ—Å–∫–æ–≤—Å–∫–∏–π –±–∏—Ä–∂–∞ 500–º—Å ),  —Ä—ã–Ω–æ—á–Ω—ã–π –∑–∞—è–≤–∫–∞ —Å–ø–æ—Å–æ–±–Ω—ã–π –ø–æ–¥–≤–∏–≥–∞—Ç—å —Ü–µ–Ω–∞ –≤–≤–µ—Ä—Ö –±—ã—Å—Ç—Ä–æ –ø–æ–ª–µ–∂–∞—Ç—å –±–æ—Ç –º–æ—Å–∫–æ–≤—Å–∫–∏–π –±–∏—Ä–∂–∞ –º–µ—Ö–∞–Ω–∏–∑–º –∑–∞—â–∏—Ç–∞ —Å—Ä–∞–±–∞—Ç—ã–≤–∞—Ç—å –º–æ–º–µ–Ω—Ç –æ—Ç–∫—Ä—ã—Ç–∏–µ —Å–µ—Å—Å–∏—è :// www moex com n30641 nt 106 –≤—ã–≤–æ–¥ —Å—Ç–∞—Ä–∞—Ç—å—Å—è –ø–æ–∫—É–ø–∞—Ç—å —Ä—ã–Ω–æ–∫ –æ—á–µ–Ω—å –æ–±–¥—É–º–∞–Ω–Ω–æ –æ—Ç–Ω–æ—Å–∏—Ç—å—Å—è —Ñ–æ—Ä–º–∞ –∑–∞—è–≤–∫–∞ —Ö–æ—Ç–µ—Ç—å –ª–æ–≤–∏—Ç—å  ¬´ –ø—Ä–æ–∫–æ–ª ¬ª ( –º–æ—á—å –≤–µ—Ä—Ö –Ω–∏–∑ –º–æ–º–µ–Ω—Ç –≤—ã—Å–æ–∫–∏–π –∞–∫—Ç–∏–≤–Ω–æ—Å—Ç—å –æ—Ç–∫—Ä—ã—Ç–∏–µ –∑–∞–∫—Ä—ã—Ç–∏–µ —Å–µ—Å—Å–∏—è )),  –≤—ã—Å—Ç–∞–≤–ª—è—Ç—å –ª–∏–º–∏—Ç–Ω—ã–π –∑–∞—è–≤–∫–∞ –Ω—É–∂–Ω—ã–π —Ü–µ–Ω–∞ –æ—Ç–ª–æ–¥–µ–Ω–Ω—ã–π –æ—Ä–¥–µ—Ä –Ω–∞–¥–µ—è—Ç—å—Å—è –≤–µ—Å—å —É—á–∞—Å—Ç–Ω–∏–∫ —Å—Ç–∞–Ω–æ–≤–∏—Ç—å—Å—è –ø–æ–Ω—è—Ç–Ω–æ –æ—Ç—Å—É—Ç—Å–≤–∏–µ –ª–∏–∫–≤–∏–¥–Ω–æ—Å—Ç—å –ø–æ–∫—É–ø–∫–∞ –ø—Ä–æ–¥–∞–∂–∞ –¥–≤–∏–≥–∞—Ç—å —Ü–µ–Ω–∞ —Å–æ–æ—Ç–≤–µ—Ç—Å—Ç–≤—É—é—â–∏–π —Å—Ç–æ—Ä–æ–Ω–∞"
10,Investokrat,"‚Äã‚Äã $FXES  (–ò–Ω–¥—É—Å—Ç—Ä–∏—è –≤–∏–¥–µ–æ–∏–≥—Ä –∏ –∫–∏–±–µ—Ä—Å–ø–æ—Ä—Ç–∞)

–ù–∞ –Ω–∞—à–µ–º —Ä—ã–Ω–∫–µ –ø–æ—è–≤–∏–ª—Å—è –Ω–æ–≤—ã—Ö ETF –Ω–∞ –¥–æ—Å—Ç–∞—Ç–æ—á–Ω–æ —Å–ø–µ—Ü–∏—Ñ–∏—á–Ω—ã–π —Å–µ–≥–º–µ–Ω—Ç - –≤–∏–¥–µ–æ–∏–≥—Ä—ã –∏ –∫–∏–±–µ—Ä—Å–ø–æ—Ä—Ç. –î–∞–≤–∞–π—Ç–µ —Ä–∞–∑–±–∏—Ä–∞—Ç—å—Å—è, —á—Ç–æ –∏–∑ —Å–µ–±—è –ø—Ä–µ–¥—Å—Ç–∞–≤–ª—è–µ—Ç –¥–∞–Ω–Ω—ã–π –ø—Ä–æ–¥—É–∫—Ç –∏ –Ω–∞ —Å–∫–æ–ª—å–∫–æ –∏–Ω—Ç–µ—Ä–µ—Å–µ–Ω –¥–ª—è –ø–æ–∫—É–ø–∫–∏.

–î–∞–Ω–Ω—ã–π —Ñ–æ–Ω–¥ —Å–ª–µ–¥—É–µ—Ç –∑–∞ –∏–Ω–¥–µ–∫—Å–æ–º  MVIS¬Æ Global Video Gaming and eSports Index, –∫—É–¥–∞ –≤—Ö–æ–¥—è—Ç, –∫–∞–∫ —Ä–∞–∑—Ä–∞–±–æ—Ç—á–∏–∫–∏ –∂–µ–ª–µ–∑–∞ –¥–ª—è –∏–≥—Ä (NVidia, AMD), —Ç–∞–∫ –∏ –∏—Ö –∏–∑–¥–∞—Ç–µ–ª–∏ –∏–∑ —Ä–∞–∑–Ω—ã—Ö —Å—Ç—Ä–∞–Ω.

–°—Ç—Ä–∞–Ω–æ–≤–∞—è –¥–∏–≤–µ—Ä—Å–∏—Ñ–∏–∫–∞—Ü–∏—è –≤—ã–≥–ª—è–¥–∏—Ç —Å–ª–µ–¥—É—é—â–∏–º –æ–±—Ä–∞–∑–æ–º:
–°–®–ê - 43,3%
–ö–∏—Ç–∞–π - 19,5%
–Ø–ø–æ–Ω–∏—è - 18,1%
–¢–∞–π–≤–∞–Ω—å - 8,3
–Æ–∂–Ω–∞—è –ö–æ—Ä–µ—è - 4,6%
–∏ –ø—Ä–æ—á–∏–µ.

–í —Ñ–æ–Ω–¥ –æ—Ç–±–∏—Ä–∞—é—Ç—Å—è —Ç–æ–ª—å–∫–æ —Ç–µ –∫–æ–º–ø–∞–Ω–∏–∏, –≥–¥–µ –≤—ã—Ä—É—á–∫–∞ –æ—Ç —Å–µ–≥–º–µ–Ω—Ç–∞ –≤–∏–¥–µ–æ–∏–≥—Ä –∏ –∫–∏–±–µ—Ä—Å–ø–æ—Ä—Ç–∞ –Ω–µ –º–µ–Ω–µ–µ 50% –æ—Ç –æ–±—â–µ–≥–æ —Ä–∞–∑–º–µ—Ä–∞. –ù–∞ –∫–∞–∂–¥–æ–≥–æ —ç–º–∏—Ç–µ–Ω—Ç–∞ –æ—Ç–≤–æ–¥–∏—Ç—Å—è –¥–æ–ª—è –Ω–µ –±–æ–ª–µ–µ 8% –æ—Ç –°–ß–ê, –∫–æ—Ç–æ—Ä–∞—è –æ–ø—Ä–µ–¥–µ–ª—è–µ—Ç—Å—è –ø–æ —Ä–∞–∑–º–µ—Ä—É –∫–∞–ø–∏—Ç–∞–ª–∏–∑–∞—Ü–∏–∏ –∫–æ–º–ø–∞–Ω–∏–∏.

–ö—Ä—É–ø–Ω–µ–π—à–∏–µ –∫–æ–º–ø–∞–Ω–∏–∏ –ø–æ –∏—Ö –¥–æ–ª–∏ –≤ –ø–æ—Ä—Ç—Ñ–µ–ª–µ FXES (–≤—Å–µ–≥–æ 26 –∫–æ–º–ø–∞–Ω–∏–π):

Nvidia - 9,4% (–≥–æ–≤–æ—Ä–∏–ª–∏ –∂–µ –ø—Ä–æ 8% –º–∞–∫—Å–∏–º—É–º...)
AMD - 7,9%
Tencent - 7,3%
SEA LTD - 6,9%
NINTENDO - 5,8 %
ACTIVISION BLIZZARD - 5,4%
–∏ –ø—Ä–æ—á–∏–µ.

–î–∞–Ω–Ω—ã–π ETF –º–æ–∂–Ω–æ –∫—É–ø–∏—Ç—å , –∫–∞–∫ –≤ –¥–æ–ª–ª–∞—Ä–∞—Ö, —Ç–∞–∫ –∏ –≤ —Ä—É–±–ª—è—Ö.
–¶–µ–Ω–∞ –ø–∞—è - 74 —Ä—É–± (1$).
–ö–æ–º–∏—Å—Å–∏—è —Ñ–æ–Ω–¥–∞ - 0,9%
–†–µ–±–∞–ª–∞–Ω—Å–∏—Ä–æ–≤–∫–∞ - 1 —Ä–∞–∑ –≤ –∫–≤–∞—Ä—Ç–∞–ª.

–§–æ–Ω–¥ –¥–æ—Å—Ç–∞—Ç–æ—á–Ω–æ –∏–Ω—Ç–µ—Ä–µ—Å–Ω—ã–π, –æ—Å–æ–±–µ–Ω–Ω–æ –¥–ª—è —Ç–µ—Ö, –∫—Ç–æ –Ω–µ–ø–æ—Å—Ä–µ–¥—Å—Ç–≤–µ–Ω–Ω–æ –ø—Ä–æ–≤–æ–¥–∏—Ç –≤—Ä–µ–º—è –∑–∞ –∏–≥—Ä–∞–º–∏. –¢–µ–ø–µ—Ä—å –º–æ–∂–Ω–æ –Ω–µ —ç–∫–æ–Ω–æ–º–∏—Ç—å –Ω–∞ –ø—Ä–∏–º–æ—á–∫–∞—Ö –¥–ª—è –≤–∞—à–∏—Ö –ø–µ—Ä—Å–æ–Ω–∞–∂–µ–π, –ø–æ–∫—É–ø–∞–µ—Ç–µ ETF –∏ —á–µ–º –±–æ–ª—å—à–µ –ø–æ—Ç—Ä–∞—Ç–∏—Ç–µ, —Ç–µ–º –≤—ã—à–µ —Ü–µ–Ω–∞ –ø–∞—è FXES –±—É–¥–µ—Ç üòâ. –°–∞–º —è –Ω–µ –∏–≥—Ä–∞—é, –ø–æ—ç—Ç–æ–º—É –Ω–µ–º–Ω–æ–≥–æ –æ—Ç—Å—Ç–∞–ª –æ—Ç –¥–∞–Ω–Ω–æ–≥–æ —Ç—Ä–µ–Ω–¥–∞.

–í 2020 –≥–æ–¥—É –ø–∞–Ω–¥–µ–º–∏—è —Ä–∞–∑–æ–≥–Ω–∞–ª–∞ —Å–µ–∫—Ç–æ—Ä –∏–≥—Ä, –≤–∫–ª—é—á–∞—è –ø—Ä–æ–∏–∑–≤–æ–¥–∏—Ç–µ–ª–µ–π —á–∏–ø–æ–≤. –î–∏–Ω–∞–º–∏–∫–∞ —Ä–æ—Å—Ç–∞ –≤ –±–ª–∏–∂–∞–π—à–∏–µ –≥–æ–¥—ã —Å–∫–æ—Ä–µ–µ –≤—Å–µ–≥–æ –∑–∞–º–µ–¥–ª–∏—Ç—Å—è.  –ú–Ω–æ–≥–∏–µ –∫–æ–º–ø–∞–Ω–∏–∏, –æ—Å–æ–±–µ–Ω–Ω–æ –≤ –°–®–ê, —Ç–æ—Ä–≥—É—é—Ç—Å—è –ø–æ –æ—á–µ–Ω—å –≤—ã—Å–æ–∫–∏–º –º—É–ª—å—Ç–∏–ø–ª–∏–∫–∞—Ç–æ—Ä–∞–º. –ü—Ä–æ –æ—Ü–µ–Ω–∫—É Nvidia –∏ AMD —è —É–∂–µ –ø–∏—Å–∞–ª, ATVI —Ç–æ—Ä–≥—É–µ—Ç—Å—è —Å —Ñ–æ—Ä–≤–∞—Ä–¥–Ω—ã–º P/E = 25, –≤–µ—Å—å —Å–µ–∫—Ç–æ—Ä —Ç–æ—Ä–≥—É–µ—Ç—Å—è –ø—Ä–∏–º–µ—Ä–Ω–æ –ø–æ P/E –±–ª–∏–∑–∫–æ –∫ 21.

–í —Å–ª—É—á–∞–µ —Ä–æ—Å—Ç–∞ —Å—Ç–∞–≤–æ–∫ –≤ –°–®–ê –∏–ª–∏ –æ–±—â–µ–º–∏—Ä–æ–≤–æ–π –∫–æ—Ä—Ä–µ–∫—Ü–∏–∏, –¥–∞–Ω–Ω—ã–µ –∞–∫—Ç–∏–≤—ã –º–æ–≥—É—Ç –ø—Ä–∏–ª–∏—á–Ω–æ —Å–∫–æ—Ä—Ä–µ–∫—Ç–∏—Ä–æ–≤–∞—Ç—å—Å—è, –≤–æ—Ç —Ç–æ–≥–¥–∞ –∏—Ö –∏–Ω—Ç–µ—Ä–µ—Å–Ω–æ –±—É–¥–µ—Ç –∫—É–ø–∏—Ç—å —á–µ—Ä–µ–∑ –¥–∞–Ω–Ω—ã–π —Ñ–æ–Ω–¥ –∏ —Å—Ä–∞–∑—É –ø–∞—á–∫–æ–π (–∫–∞–∫ –≤–∞—Ä–∏–∞–Ω—Ç). 

–°—Ä–µ–¥–Ω–µ–≥–æ–¥–æ–≤–∞—è –¥–æ—Ö–æ–¥–Ω–æ—Å—Ç—å –∏–Ω–¥–µ–∫—Å–∞ –≤–∏–¥–µ–æ–∏–≥—Ä —Å 2014 –≥–æ–¥–∞ —Å–æ—Å—Ç–∞–≤–∏–ª–∞ 35,3% –ø—Ä–∏ –º–∞–∫—Å–∏–º–∞–ª—å–Ω–æ–π –ø—Ä–æ—Å–∞–¥–∫–µ –≤ 23,5%. –î–∞–Ω–Ω—ã–π —Ñ–æ–Ω–¥ –º–æ–∂–µ—Ç –∏–º–µ—Ç—å –¥–æ—Å—Ç–∞—Ç–æ—á–Ω–æ –≤—ã—Å–æ–∫—É—é –≤–æ–ª–∞—Ç–∏–ª—å–Ω–æ—Å—Ç—å, –Ω—É–∂–Ω–æ —ç—Ç–æ –∏–º–µ—Ç—å –≤ –≤–∏–¥—É –ø–µ—Ä–µ–¥ –ø–æ–∫—É–ø–∫–æ–π. –î–ª—è –∫–æ–Ω—Å–µ—Ä–≤–∞—Ç–∏–≤–Ω—ã—Ö —Å—Ç—Ä–∞—Ç–µ–≥–∏–π –æ–Ω —Å–∫–æ—Ä–µ–µ –≤—Å–µ–≥–æ –Ω–µ –ø–æ–¥–æ–π–¥–µ—Ç. 

–° —Ä–∞–∑–≤–∏—Ç–∏–µ–º AR/VR, –¥—É–º–∞—é, —á—Ç–æ –∏–Ω—Ç–µ—Ä–µ—Å –∫ –¥–∞–Ω–Ω–æ–º—É —Å–µ–≥–º–µ–Ω—Ç—É –±—É–¥–µ—Ç —Ä–∞—Å—Ç–∏. –ò–Ω—Ç–µ—Ä–µ—Å–Ω–æ –±—ã–ª–æ –±—ã –µ—â–µ —É–≤–∏–¥–µ—Ç—å –ø–æ–¥–æ–±–Ω—ã–µ ETF, –¥–æ—Å—Ç—É–ø–Ω—ã–µ –Ω–µ–∫–≤–∞–ª–∞–º, –Ω–∞ –ø—Ä–æ–∏–∑–≤–æ–¥–∏—Ç–µ–ª–µ–π —á–∏–ø–æ–≤, REITs –∏ –∫—Ä—É–ø–Ω—ã–µ –∫–æ–º–ø–∞–Ω–∏–∏ –≤ —Å–µ–≥–º–µ–Ω—Ç–µ –í–ò–≠, –∫–æ—Ç–æ—Ä—ã–µ —Å–∏–ª—å–Ω–æ —Ä–∞–∑–±—Ä–æ—Å–∞–Ω—ã –ø–æ —Å—Ç—Ä–∞–Ω–∞–º, –≤ –æ–¥–Ω–æ–º ETF –±—ã–ª–æ –±—ã —É–¥–æ–±–Ω–æ –∫—É–ø–∏—Ç—å –∏—Ö –≤—Å–µ —Å—Ä–∞–∑—É.

–ê –≤—ã –±—ã —Ö–æ—Ç–µ–ª–∏ –≤–∏–¥–µ—Ç—å –≤—ã—à–µ—É–∫–∞–∑–∞–Ω–Ω—ã–µ —Ñ–æ–Ω–¥—ã –Ω–∞ –Ω–∞—à–µ–º —Ä—ã–Ω–∫–µ? –î–∞–≤–∞–π—Ç–µ –ø—Ä–æ–≥–æ–ª–æ—Å—É–µ–º, –º–æ–∂–µ—Ç —ç—Ç–æ—Ç –ø–æ—Å—Ç —É–≤–∏–¥—è—Ç –≤ Finex. 

‚ö†Ô∏è–ù–µ —è–≤–ª—è–µ—Ç—Å—è –∏–Ω–¥–∏–≤–∏–¥—É–∞–ª—å–Ω–æ–π –∏–Ω–≤–µ—Å—Ç–∏—Ü–∏–æ–Ω–Ω–æ–π —Ä–µ–∫–æ–º–µ–Ω–¥–∞—Ü–∏–µ–π!",11,2021-07-15 12:07:00,1114,10,–¥–æ 500000 ‚ÇΩ,1,9.51,"‚Äã‚Äã  –∏–Ω–¥—É—Å—Ç—Ä–∏—è –≤–∏–¥–µ–æ–∏–≥—Ä –∫–∏–±–µ—Ä—Å–ø–æ—Ä—Ç –Ω–∞—à —Ä—ã–Ω–æ–∫ –ø–æ—è–≤–ª—è—Ç—å—Å—è –Ω–æ–≤—ã–π etf –¥–æ—Å—Ç–∞—Ç–æ—á–Ω–æ —Å–ø–µ—Ü–∏—Ñ–∏—á–Ω—ã–π —Å–µ–≥–º–µ–Ω—Ç –≤–∏–¥–µ–æ–∏–≥—Ä–∞ –∫–∏–±–µ—Ä—Å–ø–æ—Ä—Ç –¥–∞–≤–∞—Ç—å —Ä–∞–∑–±–∏—Ä–∞—Ç—å—Å—è –ø—Ä–µ–¥—Å—Ç–∞–≤–ª—è—Ç—å –¥–∞–Ω–Ω—ã–π –ø—Ä–æ–¥—É–∫—Ç —Å–∫–æ–ª—å–∫–æ –∏–Ω—Ç–µ—Ä–µ—Å–Ω—ã–π –ø–æ–∫—É–ø–∫–∞ –¥–∞–Ω–Ω—ã–π —Ñ–æ–Ω–¥ —Å–ª–µ–¥–æ–≤–∞—Ç—å –∏–Ω–¥–µ–∫—Å mvis ¬Æ global video gaming and esports index –≤—Ö–æ–¥–∏—Ç—å —Ä–∞–∑—Ä–∞–±–æ—Ç—á–∏–∫ –∂–µ–ª–µ–∑–æ –∏–≥—Ä–∞ nvidia amd ),  –∏–∑–¥–∞—Ç–µ–ª—å —Ä–∞–∑–Ω—ã–π —Å—Ç—Ä–∞–Ω–∞ —Å—Ç—Ä–∞–Ω–æ–≤–æ–π –¥–∏–≤–µ—Ä—Å–∏—Ñ–∏–∫–∞—Ü–∏—è –≤—ã–≥–ª—è–¥–µ—Ç—å —Å–ª–µ–¥—É—é—â–∏–π –æ–±—Ä–∞–∑ —Å—à–∞ 43 3 –∫–∏—Ç–∞–π 19 5 —è–ø–æ–Ω–∏—è 18 1 —Ç–∞–π–≤–∞–Ω—å 8 3 —é–∂–Ω—ã–π –∫–æ—Ä–µ—è 4 6 –ø—Ä–æ—á–∏–π —Ñ–æ–Ω–¥ –æ—Ç–±–∏—Ä–∞—Ç—å—Å—è –∫–æ–º–ø–∞–Ω–∏—è –≤—ã—Ä—É—á–∫–∞ —Å–µ–≥–º–µ–Ω—Ç –≤–∏–¥–µ–æ–∏–≥—Ä –∫–∏–±–µ—Ä—Å–ø–æ—Ä—Ç –º–µ–Ω–µ–µ 50 –æ–±—â–∏–π —Ä–∞–∑–º–µ—Ä –∫–∞–∂–¥—ã–π —ç–º–∏—Ç–µ–Ω—Ç –æ—Ç–≤–æ–¥–∏—Ç—å—Å—è –¥–æ–ª—è 8 —Å—á–∞ –∫–æ—Ç–æ—Ä—ã–π –æ–ø—Ä–µ–¥–µ–ª—è—Ç—å—Å—è —Ä–∞–∑–º–µ—Ä –∫–∞–ø–∏—Ç–∞–ª–∏–∑–∞—Ü–∏—è –∫–æ–º–ø–∞–Ω–∏—è –∫—Ä—É–ø–Ω—ã–π –∫–æ–º–ø–∞–Ω–∏—è –¥–æ–ª—è –ø–æ—Ä—Ç—Ñ–µ–ª—å 26 –∫–æ–º–ø–∞–Ω–∏—è ):
 nvidia 9 4 % ( –≥–æ–≤–æ—Ä–∏—Ç—å 8 –º–∞–∫—Å–∏–º—É–º ... amd 7 9 tencent 7 3 sea ltd 6 9 nintendo 5 8 activision blizzard 5 4 –ø—Ä–æ—á–∏–π –¥–∞–Ω–Ω—ã–π etf –∫—É–ø–∏—Ç—å –¥–æ–ª–ª–∞—Ä —Ä—É–±–ª—å —Ü–µ–Ω–∞ –ø–∞–π 74 —Ä—É–± 1 –∫–æ–º–∏—Å—Å–∏—è —Ñ–æ–Ω–¥ 0 9 —Ä–µ–±–∞–ª–∞–Ω—Å–∏—Ä–æ–≤–∫–∞ 1 –∫–≤–∞—Ä—Ç–∞–ª —Ñ–æ–Ω–¥ –¥–æ—Å—Ç–∞—Ç–æ—á–Ω–æ –∏–Ω—Ç–µ—Ä–µ—Å–Ω—ã–π –æ—Å–æ–±–µ–Ω–Ω–æ –Ω–µ–ø–æ—Å—Ä–µ–¥—Å—Ç–≤–µ–Ω–Ω–æ –ø—Ä–æ–≤–æ–¥–∏—Ç—å –≤—Ä–µ–º—è –∏–≥—Ä–∞ —ç–∫–æ–Ω–æ–º–∏—Ç—å –ø—Ä–∏–º–æ—á–∫–∞ –≤–∞—à –ø–µ—Ä—Å–æ–Ω–∞–∂ –ø–æ–∫—É–ø–∞—Ç—å etf –ø–æ—Ç—Ä–∞—Ç–∏—Ç—å –≤—ã—Å–æ–∫–∏–π —Ü–µ–Ω–∞ –ø–∞–π üòâ –∏–≥—Ä–∞—Ç—å –ø–æ—ç—Ç–æ–º—É –Ω–µ–º–Ω–æ–≥–æ –æ—Ç—Å—Ç–∞–≤–∞—Ç—å –¥–∞–Ω–Ω—ã–π —Ç—Ä–µ–Ω–¥ 2020 –≥–æ–¥ –ø–∞–Ω–¥–µ–º–∏—è —Ä–∞–∑–≥–æ–Ω—è—Ç—å —Å–µ–∫—Ç–æ—Ä –∏–≥—Ä–∞ –≤–∫–ª—é—á–∞—è –ø—Ä–æ–∏–∑–≤–æ–¥–∏—Ç–µ–ª—å —á–∏–ø –¥–∏–Ω–∞–º–∏–∫–∞ —Ä–æ—Å—Ç –±–ª–∏–∑–∫–∏–π –≥–æ–¥ —Å–∫–æ—Ä–æ –∑–∞–º–µ–¥–ª—è—Ç—å—Å—è –º–Ω–æ–≥–∏–π –∫–æ–º–ø–∞–Ω–∏—è –æ—Å–æ–±–µ–Ω–Ω–æ —Å—à–∞ —Ç–æ—Ä–≥–æ–≤–∞—Ç—å—Å—è –æ—á–µ–Ω—å –≤—ã—Å–æ–∫–∏–π –º—É–ª—å—Ç–∏–ø–ª–∏–∫–∞—Ç–æ—Ä –æ—Ü–µ–Ω–∫–∞ nvidia amd –ø–∏—Å–∞—Ç—å atvi —Ç–æ—Ä–≥–æ–≤–∞—Ç—å—Å—è —Ñ–æ—Ä–≤–∞—Ä–¥–Ω—ã–π p e 25 –≤–µ—Å—å —Å–µ–∫—Ç–æ—Ä —Ç–æ—Ä–≥–æ–≤–∞—Ç—å—Å—è –ø—Ä–∏–º–µ—Ä–Ω–æ p e –±–ª–∏–∑–∫–∏–π 21 —Å–ª—É—á–∞–π —Ä–æ—Å—Ç —Å—Ç–∞–≤–∫–∞ —Å—à–∞ –æ–±—â–µ–º–∏—Ä–æ–≤–æ–π –∫–æ—Ä—Ä–µ–∫—Ü–∏—è –¥–∞–Ω–Ω—ã–µ –∞–∫—Ç–∏–≤ –º–æ—á—å –ø—Ä–∏–ª–∏—á–Ω–æ —Å–∫–æ—Ä—Ä–µ–∫—Ç–∏—Ä–æ–≤–∞—Ç—å—Å—è –∏–Ω—Ç–µ—Ä–µ—Å–Ω–æ –∫—É–ø–∏—Ç—å –¥–∞–Ω–Ω—ã–π —Ñ–æ–Ω–¥ —Å—Ä–∞–∑—É –ø–∞—á–∫–∞ –≤–∞—Ä–∏–∞–Ω—Ç —Å—Ä–µ–¥–Ω–µ–≥–æ–¥–æ–≤–æ–π –¥–æ—Ö–æ–¥–Ω–æ—Å—Ç—å –∏–Ω–¥–µ–∫—Å –≤–∏–¥–µ–æ–∏–≥—Ä 2014 –≥–æ–¥ —Å–æ—Å—Ç–∞–≤–ª—è—Ç—å 35 3 –º–∞–∫—Å–∏–º–∞–ª—å–Ω—ã–π –ø—Ä–æ—Å–∞–¥–∫–∞ 23 5 –¥–∞–Ω–Ω—ã–π —Ñ–æ–Ω–¥ –º–æ—á—å –∏–º–µ—Ç—å –¥–æ—Å—Ç–∞—Ç–æ—á–Ω–æ –≤—ã—Å–æ–∫–∏–π –≤–æ–ª–∞—Ç–∏–ª—å–Ω–æ—Å—Ç—å –Ω—É–∂–Ω–æ –∏–º–µ—Ç—å –≤–∏–¥ –ø–æ–∫—É–ø–∫–∞ –∫–æ–Ω—Å–µ—Ä–≤–∞—Ç–∏–≤–Ω—ã–π —Å—Ç—Ä–∞—Ç–µ–≥–∏—è —Å–∫–æ—Ä–æ –ø–æ–¥—Ö–æ–¥–∏—Ç—å —Ä–∞–∑–≤–∏—Ç–∏–µ ar vr –¥—É–º–∞—Ç—å –∏–Ω—Ç–µ—Ä–µ—Å –¥–∞–Ω–Ω—ã–π —Å–µ–≥–º–µ–Ω—Ç —Ä–∞—Å—Ç–∏ –∏–Ω—Ç–µ—Ä–µ—Å–Ω–æ —É–≤–∏–¥–µ—Ç—å –ø–æ–¥–æ–±–Ω—ã–π etf –¥–æ—Å—Ç—É–ø–Ω—ã–π –Ω–µ–∫–≤–∞–ª –ø—Ä–æ–∏–∑–≤–æ–¥–∏—Ç–µ–ª—å —á–∏–ø reits –∫—Ä—É–ø–Ω—ã–π –∫–æ–º–ø–∞–Ω–∏—è —Å–µ–≥–º–µ–Ω—Ç –≤–∏—ç –∫–æ—Ç–æ—Ä—ã–π —Å–∏–ª—å–Ω–æ —Ä–∞–∑–±—Ä–∞—Å—ã–≤–∞—Ç—å —Å—Ç—Ä–∞–Ω–∞ etf —É–¥–æ–±–Ω–æ –∫—É–ø–∏—Ç—å —Å—Ä–∞–∑—É —Ö–æ—Ç–µ—Ç—å –≤–∏–¥–µ—Ç—å –≤—ã—à–µ—É–∫–∞–∑–∞–Ω–Ω—ã–π —Ñ–æ–Ω–¥ –Ω–∞—à —Ä—ã–Ω–æ–∫ –¥–∞–≤–∞—Ç—å –ø—Ä–æ–≥–æ–ª–æ—Å–æ–≤–∞—Ç—å –ø–æ—Å—Ç —É–≤–∏–¥–µ—Ç—å ‚ö† Ô∏è–Ω–µ —è–≤–ª—è—Ç—å—Å—è –∏–Ω–¥–∏–≤–∏–¥—É–∞–ª—å–Ω—ã–π –∏–Ω–≤–µ—Å—Ç–∏—Ü–∏–æ–Ω–Ω—ã–π —Ä–µ–∫–æ–º–µ–Ω–¥–∞—Ü–∏—è"
11,KDG89,$FXES üöÄüöÄüöÄ,1,2021-07-15 11:07:00,6,14,–¥–æ 10000 ‚ÇΩ,1,-182.07,üöÄ üöÄ üöÄ
12,AzatShaekhov,"$FXES —á—ë –∑–∞?) —è –¥–µ—Ä–∂—É –∫–æ—Ç–ª–µ—Ç—É –≤ –≤–∏—Ä–¥–∂–∏–Ω, —Ç–∞–∫-—Ç–æ))",5,2021-07-15 11:07:00,1,17,–¥–æ 500000 ‚ÇΩ,200,-20.08,"—á–µ –¥–µ—Ä–∂–∞—Ç—å –∫–æ—Ç–ª–µ—Ç–∞ –≤–∏—Ä–¥–∂–∏–Ω–∞ —Ç–∞–∫-—Ç–æ ))
"
13,QualifiedInvestments,"–°–∞–º—ã–µ –∏–Ω—Ç–µ—Ä–µ—Å–Ω—ã–µ –æ—Ç—á–µ—Ç—ã, —Å–æ–±—ã—Ç–∏—è –∏ –¥–∏–≤–∏–¥–µ–Ω–¥—ã —Å–µ–≥–æ–¥–Ω—è 15.07.21.
–°–æ—Ö—Ä–∞–Ω—è–π—Ç–µ —Å–µ–±–µ —á—Ç–æ–±—ã –Ω–µ –ø—Ä–æ–ø—É—Å—Ç–∏—Ç—å.

üá∫üá∏ –§—å—é—á–µ—Ä—Å—ã –°–®–ê -üíõ
üá™üá∫ –ï–≤—Ä–æ–ø–∞ - ‚ù§Ô∏è
üá®üá≥ –ê–∑–∏—è - üíõ

‚úîÔ∏è –ò–Ω—Ç–µ—Ä–µ—Å–Ω—ã–µ –æ—Ç—á–µ—Ç—ã —Å–µ–≥–æ–¥–Ω—è:

‚úîÔ∏è –ß–µ—Ç–≤–µ—Ä–≥
$ BK - Bank of New York Mell  - 13:30
$ CTAS - Cintas Corporation  - 15:30
$MS - Morgan Stanley  - 14:30
$TSM -Taiwan Semiconductor   - 13:00
$ TFC -Truist Financial Corporati   - 12:45
$USB - U.S. Bancorp   - 13:45
$ UNH - UnitedHealth Group, Inc. - 12:55
$ WABC - Westamerica Ban Corp.
$AA - Alcoa, Inc.  - 23:10
$ AOUT -  American Outdoor Brands  - 23:05
$ PBCT - Peoples United Financial  - 23:00

üí≤–õ—É—á—à–∏–µ –¥–∏–≤–∏–¥–µ–Ω–¥—ã —Å–µ–≥–æ–¥–Ω—è:

$TRNFP, –¢—Ä–∞–Ω—Å–Ω–µ—Ñ—Ç—å
–ü–æ—Å–ª–µ–¥–Ω–∏–π –¥–µ–Ω—å –ø–æ–∫—É–ø–∫–∏: 15 –∏—é–ª—è
–î–æ—Ö–æ–¥–Ω–æ—Å—Ç—å: 5,27%

‚úîÔ∏è –û—Å–Ω–æ–≤–Ω—ã–µ —Å–¥–µ–ª–∫–∏ ARK –ö—ç—Ç–∏ –í—É–¥ –≤—á–µ—Ä–∞:

üíö $ COIN –∫—É–ø–ª–µ–Ω–æ 206.410 –∞–∫—Ü–∏–π
üíö $ U –∫—É–ø–ª–µ–Ω–æ 95.893 –∞–∫—Ü–∏–π
‚ù§Ô∏è $ PYPL –ø—Ä–æ–¥–∞–Ω–æ 41.435 –∞–∫—Ü–∏–π
‚ù§Ô∏è $ ROKU –ø—Ä–æ–¥–∞–Ω–æ 16.959 –∞–∫—Ü–∏–π


  ‚úîÔ∏è –ù–∞ –∫–∞–∫–∏–µ –∞–∫—Ü–∏–∏ –º–æ–∂–Ω–æ –æ–±—Ä–∞—Ç–∏—Ç—å –≤–Ω–∏–º–∞–Ω–∏–µ —Å–µ–≥–æ–¥–Ω—è:

$TSM $MS $USB $ NKE $ GM $NRIX $ENDP $ SLDB $ TGRN $ SLP $ FXCN $FXES $ZYXI $UPWK 

‚úîÔ∏è –°–∞–º—ã–µ –æ–±—Å—É–∂–¥–∞–µ–º—ã–µ –∞–∫—Ü–∏–∏ –Ω–∞ WSB

1Ô∏è‚É£ $AAPL  
2Ô∏è‚É£ $SPCE 
3Ô∏è‚É£ $WISH 
4Ô∏è‚É£ $ TSLA 
5Ô∏è‚É£ $ AMC


‚úîÔ∏è –ò–Ω—Ç–µ—Ä–µ—Å–Ω—ã–µ —Å–æ–±—ã—Ç–∏—è —Å–µ–≥–æ–¥–Ω—è:
üá™üá∫ 11:00 –≠–ª–¥–µ—Ä—Å–æ–Ω, –ï–¶–ë
üá∫üá∏ 14:00 –ï–∂–µ–º–µ—Å—è—á–Ω—ã–π –æ—Ç—á–µ—Ç –û–ü–ï–ö
üá∫üá∏ 15:30 –û–±—â–µ–µ —á–∏—Å–ª–æ –ª–∏—Ü, –ø–æ–ª—É—á–∞—é—â–∏—Ö –ø–æ—Å–æ–±–∏—è –ø–æ –±–µ–∑—Ä–∞–±–æ—Ç–∏—Ü–µ
üá∫üá∏ 15:30 –ß–∏—Å–ª–æ –ø–µ—Ä–≤–∏—á–Ω—ã—Ö –∑–∞—è–≤–æ–∫ –Ω–∞ –ø–æ–ª—É—á–µ–Ω–∏–µ –ø–æ—Å–æ–±–∏–π –ø–æ –±–µ–∑—Ä–∞–±–æ—Ç–∏—Ü–µ 
üá∫üá∏ 15:30 –ò–Ω–¥–µ–∫—Å —Ü–µ–Ω –Ω–∞ —ç–∫—Å–ø–æ—Ä—Ç (–º/–º) (–∏—é–Ω—å)
üá∫üá∏ 15:30 –ò–Ω–¥–µ–∫—Å —Ü–µ–Ω –Ω–∞ –∏–º–ø–æ—Ä—Ç (–º/–º) (–∏—é–Ω—å)
üá∫üá∏ 15:30 –ò–Ω–¥–µ–∫—Å –ø—Ä–æ–∏–∑–≤–æ–¥—Å—Ç–≤–µ–Ω–Ω–æ–π –∞–∫—Ç–∏–≤–Ω–æ—Å—Ç–∏ NY Empire State (–∏—é–ª—å) 
üá∫üá∏ 15:30 –ò–Ω–¥–µ–∫—Å –ø—Ä–æ–∏–∑–≤–æ–¥—Å—Ç–≤–µ–Ω–Ω–æ–π –∞–∫—Ç–∏–≤–Ω–æ—Å—Ç–∏ –æ—Ç –§–†–ë –§–∏–ª–∞–¥–µ–ª—å—Ñ–∏–∏ (–∏—é–ª—å) 
üá∫üá∏ 15:30 –ò–Ω–¥–µ–∫—Å –∑–∞–Ω—è—Ç–æ—Å—Ç–∏ –æ—Ç –§–†–ë –§–∏–ª–∞–¥–µ–ª—å—Ñ–∏–∏ (–∏—é–ª—å)
üá∫üá∏ 16:15 –û–±—ä–µ–º –ø—Ä–æ–º—ã—à–ª–µ–Ω–Ω–æ–≥–æ –ø—Ä–æ–∏–∑–≤–æ–¥—Å—Ç–≤–∞ (–≥/–≥) (–∏—é–Ω—å)
üá∫üá∏ 16:15 –û–±—ä—ë–º –ø—Ä–æ–º—ã—à–ª–µ–Ω–Ω–æ–≥–æ –ø—Ä–æ–∏–∑–≤–æ–¥—Å—Ç–≤–∞ (–º/–º) (–∏—é–Ω—å)

15 –∏—é–ª—è:
‚Ä¢ 14-15 –∏—é–ª—è —Å–æ—Å—Ç–æ–∏—Ç—Å—è Microsoft Inspire - –∫—Ä—É–ø–Ω–µ–π—à–µ–µ –ø–∞—Ä—Ç–Ω–µ—Ä—Å–∫–æ–µ –º–µ—Ä–æ–ø—Ä–∏—è—Ç–∏–µ Microsoft $ MSFT –≤ —ç—Ç–æ–º –≥–æ–¥—É, 


‚ùóÔ∏è–ë—É–¥—å—Ç–µ –≤–Ω–∏–º–∞—Ç–µ–ª—å–Ω—ã, –æ—Å—Ç–æ—Ä–æ–∂–Ω—ã –∏ –ø—Ä–∏–Ω–∏–º–∞–π—Ç–µ —Ä–µ—à–µ–Ω–∏—è —Å–∞–º–æ—Å—Ç–æ—è—Ç–µ–ª—å–Ω–æ.

‚ùóÔ∏è –ï—â—ë –±–æ–ª—å—à–µ –∞–Ω–∞–ª–∏—Ç–∏–∫–∏, –∏–Ω–≤–µ—Å—Ç–∏–¥–µ–π, —Ä–∞–∑–±–æ—Ä–æ–≤ –∫–æ–º–ø–∞–Ω–∏–π –∏ –ø–æ–ª–µ–∑–Ω–æ–≥–æ –∫–æ–Ω—Ç–µ–Ω—Ç–∞ –¥–ª—è –æ–±—É—á–µ–Ω–∏—è –Ω–∞ –∫–∞–Ω–∞–ª–µ –ö–≤–∞–ª–∏—Ñ–∏—Ü–∏—Ä–æ–≤–∞–Ω–Ω—ã–µ –ò–Ω–≤–µ—Å—Ç–∏—Ü–∏–∏ @QualifiedInvestments (–≤ –ø—Ä–æ—Ñ–∏–ª–µ).

‚ùóÔ∏è–ù–µ —è–≤–ª—è–µ—Ç—Å—è –∏–Ω–¥–∏–≤–∏–¥—É–∞–ª—å–Ω–æ–π –∏–Ω–≤–µ—Å—Ç–∏—Ü–∏–æ–Ω–Ω–æ–π —Ä–µ–∫–æ–º–µ–Ω–¥–∞—Ü–∏–µ–π
#qinvestments #–∞–Ω–∞–ª–∏—Ç–∏–∫–∞ #–∞–∫—Ü–∏–∏ #–æ—Ç—á—ë—Ç—ã #–∏–Ω–≤–µ—Å—Ç–∏—Ü–∏–∏ #–¥–∏–≤–∏–¥–µ–Ω–¥—ã #—Å–æ–±—ã—Ç–∏—è–¥–Ω—è #–∏–Ω–≤–µ—Å—Ç–∏–¥–µ–∏ #–ø—Ä–æ—è–≤–∏_—Å–µ–±—è_–≤_–ø—É–ª—å—Å–µ #–ø—É–ª—å—Å_–æ—Ü–µ–Ω–∏",4,2021-07-15 11:07:00,1676,72,–¥–æ 10000 ‚ÇΩ,112,123.94,"—Å–∞–º—ã–π –∏–Ω—Ç–µ—Ä–µ—Å–Ω—ã–π –æ—Ç—á–µ—Ç —Å–æ–±—ã—Ç–∏–µ –¥–∏–≤–∏–¥–µ–Ω–¥ —Å–µ–≥–æ–¥–Ω—è 15.07 21 —Å–æ—Ö—Ä–∞–Ω—è—Ç—å –ø—Ä–æ–ø—É—Å–∫–∞—Ç—å üá∫ üá∏ —Ñ—å—é—á–µ—Ä—Å —Å—à–∞ üíõ üá™ üá∫ –µ–≤—Ä–æ–ø–∞ ‚ù§ Ô∏è
 üá® üá≥ –∞–∑–∏—è üíõ ‚úî Ô∏è  –∏–Ω—Ç–µ—Ä–µ—Å–Ω—ã–π –æ—Ç—á–µ—Ç —Å–µ–≥–æ–¥–Ω—è ‚úî Ô∏è  —á–µ—Ç–≤–µ—Ä–≥ bk bank of new york mell 13 30 ctas cintas corporation 15 30 ms morgan stanley 14 30 tsm taiwan semiconductor 13 00 tfc truist financial corporati 12 45 usb u s bancorp 13 45 unh unitedhealth group inc 12 55 wabc westamerica ban corp aa alcoa inc 23 10 aout american outdoor brands 23 05 pbct peoples united financial 23 00 üí≤ —Ö–æ—Ä–æ—à–∏–π –¥–∏–≤–∏–¥–µ–Ω–¥ —Å–µ–≥–æ–¥–Ω—è trnfp —Ç—Ä–∞–Ω—Å–Ω–µ—Ñ—Ç—å –ø–æ—Å–ª–µ–¥–Ω–∏–π –¥–µ–Ω—å –ø–æ–∫—É–ø–∫–∞ 15 –∏—é–ª—å –¥–æ—Ö–æ–¥–Ω–æ—Å—Ç—å 5 27 ‚úî Ô∏è  –æ—Å–Ω–æ–≤–Ω–æ–π —Å–¥–µ–ª–∫–∞ ark –∫—ç—Ç–∏ –≤—É–¥ –≤—á–µ—Ä–∞ üíö coin –∫—É–ø–∏—Ç—å 206.410 –∞–∫—Ü–∏—è üíö u –∫—É–ø–∏—Ç—å 95.893 –∞–∫—Ü–∏—è ‚ù§ Ô∏è  pypl –ø—Ä–æ–¥–∞–≤–∞—Ç—å 41.435 –∞–∫—Ü–∏—è ‚ù§ Ô∏è  roku –ø—Ä–æ–¥–∞–≤–∞—Ç—å 16.959 –∞–∫—Ü–∏—è ‚úî Ô∏è  –∞–∫—Ü–∏—è –æ–±—Ä–∞—â–∞—Ç—å –≤–Ω–∏–º–∞–Ω–∏–µ —Å–µ–≥–æ–¥–Ω—è tsm ms usb nke gm nrix endp sldb tgrn slp fxcn zyxi upwk ‚úî Ô∏è  —Å–∞–º—ã–π –æ–±—Å—É–∂–¥–∞—Ç—å –∞–∫—Ü–∏—è wsb 1Ô∏è‚É£ aapl 2Ô∏è‚É£ spce 3Ô∏è‚É£ wish 4Ô∏è‚É£ tsla 5Ô∏è‚É£ amc ‚úî Ô∏è  –∏–Ω—Ç–µ—Ä–µ—Å–Ω—ã–π —Å–æ–±—ã—Ç–∏–µ —Å–µ–≥–æ–¥–Ω—è üá™ üá∫ 11 00 —ç–ª–¥–µ—Ä—Å–æ–Ω –µ—Ü–± üá∫ üá∏ 14 00 –µ–∂–µ–º–µ—Å—è—á–Ω—ã–π –æ—Ç—á–µ—Ç –æ–ø–µ–∫ üá∫ üá∏ 15 30 –æ–±—â–∏–π —á–∏—Å–ª–æ –ª–∏—Ü–æ –ø–æ–ª—É—á–∞—Ç—å –ø–æ—Å–æ–±–∏–µ –±–µ–∑—Ä–∞–±–æ—Ç–∏—Ü–∞ üá∫ üá∏ 15 30 —á–∏—Å–ª–æ –ø–µ—Ä–≤–∏—á–Ω—ã–π –∑–∞—è–≤–∫–∞ –ø–æ–ª—É—á–µ–Ω–∏–µ –ø–æ—Å–æ–±–∏–µ –±–µ–∑—Ä–∞–±–æ—Ç–∏—Ü–∞ üá∫ üá∏ 15 30 –∏–Ω–¥–µ–∫—Å —Ü–µ–Ω–∞ —ç–∫—Å–ø–æ—Ä—Ç –º –º ) ( –∏—é–Ω—å üá∫ üá∏ 15 30 –∏–Ω–¥–µ–∫—Å —Ü–µ–Ω–∞ –∏–º–ø–æ—Ä—Ç –º –º ) ( –∏—é–Ω—å üá∫ üá∏ 15 30 –∏–Ω–¥–µ–∫—Å –ø—Ä–æ–∏–∑–≤–æ–¥—Å—Ç–≤–µ–Ω–Ω—ã–π –∞–∫—Ç–∏–≤–Ω–æ—Å—Ç—å ny empire state –∏—é–ª—å üá∫ üá∏ 15 30 –∏–Ω–¥–µ–∫—Å –ø—Ä–æ–∏–∑–≤–æ–¥—Å—Ç–≤–µ–Ω–Ω—ã–π –∞–∫—Ç–∏–≤–Ω–æ—Å—Ç—å —Ñ—Ä–± —Ñ–∏–ª–∞–¥–µ–ª—å—Ñ–∏—è –∏—é–ª—å üá∫ üá∏ 15 30 –∏–Ω–¥–µ–∫—Å –∑–∞–Ω—è—Ç–æ—Å—Ç—å —Ñ—Ä–± —Ñ–∏–ª–∞–¥–µ–ª—å—Ñ–∏—è –∏—é–ª—å üá∫ üá∏ 16 15 –æ–±—ä–µ–º –ø—Ä–æ–º—ã—à–ª–µ–Ω–Ω—ã–π –ø—Ä–æ–∏–∑–≤–æ–¥—Å—Ç–≤–æ –≥ –≥ ) ( –∏—é–Ω—å üá∫ üá∏ 16 15 –æ–±—ä–µ–º –ø—Ä–æ–º—ã—à–ª–µ–Ω–Ω—ã–π –ø—Ä–æ–∏–∑–≤–æ–¥—Å—Ç–≤–æ –º –º ) ( –∏—é–Ω—å 15 –∏—é–ª—å ‚Ä¢  14 15 –∏—é–ª—å —Å–æ—Å—Ç–æ—è—Ç—å—Å—è microsoft inspire –∫—Ä—É–ø–Ω—ã–π –ø–∞—Ä—Ç–Ω–µ—Ä—Å–∫–∏–π –º–µ—Ä–æ–ø—Ä–∏—è—Ç–∏–µ microsoft msft –≥–æ–¥ ‚ùó Ô∏è–±—É–¥—å—Ç–µ –≤–Ω–∏–º–∞—Ç–µ–ª—å–Ω—ã–π –æ—Å—Ç–æ—Ä–æ–∂–Ω—ã–π –ø—Ä–∏–Ω–∏–º–∞—Ç—å —Ä–µ—à–µ–Ω–∏–µ —Å–∞–º–æ—Å—Ç–æ—è—Ç–µ–ª—å–Ω–æ ‚ùó Ô∏è  –∞–Ω–∞–ª–∏—Ç–∏–∫ –∏–Ω–≤–µ—Å—Ç–∏–¥—å —Ä–∞–∑–±–æ—Ä –∫–æ–º–ø–∞–Ω–∏—è –ø–æ–ª–µ–∑–Ω—ã–π –∫–æ–Ω—Ç–µ–Ω—Ç –æ–±—É—á–µ–Ω–∏–µ –∫–∞–Ω–∞–ª –∫–≤–∞–ª–∏—Ñ–∏—Ü–∏—Ä–æ–≤–∞—Ç—å –∏–Ω–≤–µ—Å—Ç–∏—Ü–∏—è qualifiedinvestments –ø—Ä–æ—Ñ–∏–ª—å ‚ùó Ô∏è–Ω–µ —è–≤–ª—è—Ç—å—Å—è –∏–Ω–¥–∏–≤–∏–¥—É–∞–ª—å–Ω—ã–π –∏–Ω–≤–µ—Å—Ç–∏—Ü–∏–æ–Ω–Ω—ã–π —Ä–µ–∫–æ–º–µ–Ω–¥–∞—Ü–∏—è qinvestments –∞–Ω–∞–ª–∏—Ç–∏–∫ –∞–∫—Ü–∏—è –æ—Ç—á–µ—Ç –∏–Ω–≤–µ—Å—Ç–∏—Ü–∏—è –¥–∏–≤–∏–¥–µ–Ω–¥ —Å–æ–±—ã—Ç–∏—è–¥–Ω—è –∏–Ω–≤–µ—Å—Ç–∏–¥–µ—è –ø—Ä–æ—è–≤–ª—è—Ç—å –ø—É–ª—å—Å –ø—É–ª—å—Å –æ—Ü–µ–Ω–∏–≤–∞—Ç—å"
14,FlexArr,"$FXES –Ω–µ –ø–æ–Ω–∏–º–∞—é, –∫ —á–µ–º—É —Ç–∞–∫–∞—è –ø–ª–∏—Ç–∞ –Ω–∞ 74",0,2021-07-15 11:07:00,2,18,–¥–æ 50000 ‚ÇΩ,25,54.58,–ø–æ–Ω–∏–º–∞—Ç—å –ø–ª–∏—Ç–∞ 74
15,Grammer,"$FXES –∫–∞–∫ –∏ –º–Ω–æ–≥–∏–º, ETF –ø–æ–∫–∞–∑–∞–ª—Å—è –∏–Ω—Ç–µ—Ä–µ—Å–Ω—ã–º, —É –º–µ–Ω—è —Å–∞–º–æ–≥–æ —á–∞—Å—Ç—å –∞–∫—Ü–∏–π —Ä–∞–∑–¥–µ–ª—å–Ω–æ –ª–µ–∂–∞–ª–∞ –≤ –ø–æ—Ä—Ç—Ñ–µ–ª–µ, —Å–º—É—â–∞–µ—Ç —Ç–æ–ª—å–∫–æ –ø—Ä–∏–ø–∏—Å–∫–∞ ""–ö–∏–±–µ—Ä—Å–ø–æ—Ä—Ç"" - –∫–∞–∂–µ—Ç—Å—è, —Ç—É–¥–∞ —Å–µ–π—á–∞—Å —Ç–æ–ª—å–∫–æ Astralis –º–æ–∂–Ω–æ –∫—É–ø–∏—Ç—å, —Å—Ñ–µ—Ä–∞ –µ—â—ë –Ω–µ —Ç–∞–∫–∞—è –±–æ–ª—å—à–∞—è :)",0,2021-07-15 11:07:00,2,6,–¥–æ 500000 ‚ÇΩ,23,25.97,"–º–Ω–æ–≥–∏–π etf –ø–æ–∫–∞–∑—ã–≤–∞—Ç—å—Å—è –∏–Ω—Ç–µ—Ä–µ—Å–Ω—ã–π —á–∞—Å—Ç—å –∞–∫—Ü–∏—è —Ä–∞–∑–¥–µ–ª—å–Ω–æ –ª–µ–∂–∞—Ç—å –ø–æ—Ä—Ç—Ñ–µ–ª—å —Å–º—É—â–∞—Ç—å –ø—Ä–∏–ø–∏—Å–∫–∞ –∫–∏–±–µ—Ä—Å–ø–æ—Ä—Ç "" -  –∫–∞–∂–µ—Ç—Å—è —Ç—É–¥–∞ astralis –∫—É–ø–∏—Ç—å —Å—Ñ–µ—Ä–∞ –±–æ–ª—å—à–æ–π  :)
"
16,vlk_kamarad,"$FXES –µ—â—ë –æ–¥–∏–Ω –¥–æ—Å—Ç–æ–π–Ω—ã–π —Ñ–æ–Ω–¥ –Ω–∞ –º–æ–π –≤–∑–≥–ª—è–¥. –ü–æ–∫—É–ø–∞—Ç—å –æ—Ç–¥–µ–ª—å–Ω–æ –∞–∫—Ü–∏–∏ –∏–≥—Ä–æ–≤—ã—Ö –∫–æ–º–ø–∞–Ω–∏–π —Ç–∞–∫–∞—è —Å–µ–±–µ –∑–∞—Ç–µ—è. –í—Å–µ —ç—Ç–∏ –ö–æ—Ç–∏–∫–∏, –ø–µ—Ä–µ—Ö–æ–¥—ã —Å–æ—Ç—Ä—É–¥–Ω–∏–∫–æ–≤ –≤ –∫–æ–º–ø–∞–Ω–∏–∏, –∫–æ–Ω—Ç—É–∂–µ–Ω–Ω—ã–µ ¬´—Ñ–µ–º–∫–∏¬ª –∫—Ä–∏–ø–æ–≤—ã–º–∏ –ø–æ—Å—Ç–∞–º–∏ —É–Ω–∏—á—Ç–æ–∂–∞—é—â–∏–µ –∫–∞—Ä—å–µ—Ä—ã —à–∏–∫–∞—Ä–Ω—ã—Ö –∏ —Ç–∞–ª–∞–Ω—Ç–ª–∏–≤—ã—Ö –≥–µ–π–º –¥–∏–∑–∞–π–Ω–µ—Ä–æ–≤, –∞ –∑–∞ –Ω–∏–º–∏ –∏ –∞–∫—Ü–∏–∏ –∫–æ–º–ø–∞–Ω–∏–π. –û–æ–æ –∞ —Ç–µ–º–∞ –ï–ê –∏ –ª—É—Ç–±–æ–∫—Å–∞–º–∏. –ò–ª–∏ –ë–ª–∏–∑—ã –∫–æ—Ç–æ—Ä—ã–µ –Ω–∏—á–µ–≥–æ —Å—Ç–æ—è—â–µ–≥–æ —É–∂–µ –Ω–µ—Å–∫–æ–ª—å–∫–æ –ª–µ—Ç –≤—ã–ø—É—Å—Ç–∏—Ç—å –Ω–µ –º–æ–≥—É—Ç. –õ—É—á—à–µ —É–∂ –ø—Ä–∏–∫—É–ø–∏—Ç—å —Ñ–æ–Ω–¥.",5,2021-07-15 10:07:00,1,10,–¥–æ 500000 ‚ÇΩ,59,-2.21,–¥–æ—Å—Ç–æ–π–Ω—ã–π —Ñ–æ–Ω–¥ –≤–∑–≥–ª—è–¥ –ø–æ–∫—É–ø–∞—Ç—å –æ—Ç–¥–µ–ª—å–Ω–æ –∞–∫—Ü–∏—è –∏–≥—Ä–æ–≤–æ–π –∫–æ–º–ø–∞–Ω–∏—è –∑–∞—Ç–µ—è –≤–µ—Å—å –∫–æ—Ç–∏–∫ –ø–µ—Ä–µ—Ö–æ–¥ —Å–æ—Ç—Ä—É–¥–Ω–∏–∫ –∫–æ–º–ø–∞–Ω–∏—è –∫–æ–Ω—Ç—É–∑–∏—Ç—å  ¬´ —Ñ–µ–º–∫–∏ ¬ª  –∫—Ä–∏–ø–æ–≤—ã–π –ø–æ—Å—Ç —É–Ω–∏—á—Ç–æ–∂–∞—é—â–∏–π –∫–∞—Ä—å–µ—Ä–∞ —à–∏–∫–∞—Ä–Ω—ã–π —Ç–∞–ª–∞–Ω—Ç–ª–∏–≤—ã–π –≥–µ–π–º –¥–∏–∑–∞–π–Ω–µ—Ä –∞–∫—Ü–∏—è –∫–æ–º–ø–∞–Ω–∏—è –æ–æ–æ —Ç–µ–º–∞ –µ–∞ –ª—É—Ç–±–æ–∫—Å –±–ª–∏–∑ –∫–æ—Ç–æ—Ä—ã–π –Ω–∏—á—Ç–æ —Å—Ç–æ—è—â–∏–π –Ω–µ—Å–∫–æ–ª—å–∫–æ –≥–æ–¥ –≤—ã–ø—É—Å–∫–∞—Ç—å –º–æ—á—å –ø—Ä–∏–∫—É–ø–∞—Ç—å —Ñ–æ–Ω–¥
17,vyachin,$FXES –∏–∑–∏,1,2021-07-15 10:07:00,8,18,–¥–æ 500000 ‚ÇΩ,113,18.28,–∏–∑—è
18,Rezan,"$TECH $FXES  –ü–æ–º–Ω—é —Ñ–æ–Ω–¥ –æ—Ç –¢–∏–Ω—å–∫–æ—Ñ—Ñ - –ù–∞—Å–¥–∞–∫ —Ç–æ–∂–µ –ª–µ—Ç–∞–ª –≤ –º–æ–º–µ–Ω—Ç–µ –≤ —Ç–µ—á–µ–Ω–∏–∏ –º–∏–Ω—É—Ç—ã –Ω–∞ 20%-30%. –≠—Ç–æ –±—ã–ª–∞ —Ä–∞–∑–æ–≤–∞—è –∞–∫—Ü–∏—è. –¢–æ–∂–µ —Ç–∞–º —Ö–∞–ª—è–≤—É –ª–æ–≤–∏–ª. –í–µ–∑—ë—Ç. –í–æ—Ç —ç—Ç–æ —è –ø–æ–Ω–∏–º–∞—é, —É–ø—Ä–∞–≤–ª–µ–Ω–∏–µ —Ñ–æ–Ω–¥–∞–º–∏ –ø–æ –†–æ—Å—Å–∏–π—Å–∫–∏. –ü–æ –ì–û–°–¢–£!",38,2021-07-15 10:07:00,35532,1,–æ—Ç 3000000 ‚ÇΩ,366,17.64,tech –ø–æ–º–Ω–∏—Ç—å —Ñ–æ–Ω–¥ —Ç–∏–Ω—å–∫–æ—Ñ—Ñ –Ω–∞—Å–¥–∞–∫ –ª–µ—Ç–∞—Ç—å –º–æ–º–µ–Ω—Ç —Ç–µ—á–µ–Ω–∏–µ –º–∏–Ω—É—Ç–∞ 20 %- 30 —Ä–∞–∑–æ–≤—ã–π –∞–∫—Ü–∏—è —Ö–∞–ª—è–≤–∞ –ª–æ–≤–∏—Ç—å –≤–µ–∑—Ç–∏ –ø–æ–Ω–∏–º–∞—Ç—å —É–ø—Ä–∞–≤–ª–µ–Ω–∏–µ —Ñ–æ–Ω–¥ —Ä–æ—Å—Å–∏–π—Å–∫–∏ –≥–æ—Å—Ç
19,rambler87,$FXES –∫—Ç–æ-—Ç–æ –ø–æ 100 –∫—É–ø–∏–ª?,0,2021-07-15 10:07:00,60,51,–¥–æ 100000 ‚ÇΩ,105,15.9,–∫—Ç–æ-—Ç–æ 100 –∫—É–ø–∏—Ç—å
20,Mazza,"$FXES –∞ –µ—Å—Ç—å —Ç–µ, –∫—Ç–æ –Ω–µ—á–∞—è–Ω–Ω–æ –ø–æ 100 –∫—É–ø–∏–ª? üòÅ",0,2021-07-15 10:07:00,5,31,–¥–æ 50000 ‚ÇΩ,36,-4.44,–Ω–µ—á–∞—è–Ω–Ω–æ 100 –∫—É–ø–∏—Ç—å üòÅ
21,SOLN,"–ü–æ—è–≤–∏–ª—Å—è –Ω–æ–≤—ã–π —Ñ–æ–Ω–¥ FinEx $FXES –Ω–∞ –≤–∏–¥–µ–æ–∏–≥—Ä—ã –∏ –∫–∏–±–µ—Ä—Å–ø–æ—Ä—Ç! –í —Å–æ—Å—Ç–∞–≤–µ —Ñ–æ–Ω–¥–∞ –∞–∫—Ü–∏–∏ –ø—Ä–æ–∏–∑–≤–æ–¥–∏—Ç–µ–ª–µ–π –∏–≥—Ä–æ–≤–æ–≥–æ ¬´–∂–µ–ª–µ–∑–∞¬ª, —Ç–∞–∫–∏–µ –∫–∞–∫ $NVDA –∏ $AMD, –∞ —Ç–∞–∫–∂–µ —Ä–∞–∑—Ä–∞–±–æ—Ç—á–∏–∫–∏ –∏ –∏–∑–¥–∞—Ç–µ–ª–∏ –≤–∏–¥–µ–æ–∏–≥—Ä: $TCEHY (–∫–≤–∞–ª), $NTDOY (–∫–≤–∞–ª), $SE (–∫–≤–∞–ª), $ATVI, $TTWO, $EA, $NTES, $U, $BILI, Ubisoft –∏ –¥—Ä—É–≥–∏–µ. –§–æ–Ω–¥ –æ–±–µ—Å–ø–µ—á–∏–≤–∞–µ—Ç —à–∏—Ä–æ–∫—É—é –¥–∏–≤–µ—Ä—Å–∏—Ñ–∏–∫–∞—Ü–∏—é –ø–æ –≤–∞–ª—é—Ç–∞–º –∏ —Å—Ç—Ä–∞–Ω–∞–º, –≤ –Ω–µ–≥–æ –≤—Ö–æ–¥—è—Ç –∞–∫—Ç–∏–≤—ã –∏–∑ –°–®–ê, –ö–∏—Ç–∞—è, –Ø–ø–æ–Ω–∏–∏, –Æ–∂–Ω–æ–π –ö–æ—Ä–µ–∏, –®–≤–µ—Ü–∏–∏, –¢–∞–π–≤–∞–Ω—è, –§—Ä–∞–Ω—Ü–∏–∏, –ü–æ–ª—å—à–∏.

–ü–æ–ª–Ω—ã–π –∏ –ø–æ–¥—Ä–æ–±–Ω—ã–π —Å–æ—Å—Ç–∞–≤ –¥–∞–Ω–Ω–æ–≥–æ —Ñ–æ–Ω–¥–∞ –ø—Ä–µ–¥—Å—Ç–∞–≤–ª–µ–Ω –Ω–∞ —Å–∫—Ä–∏–Ω—à–æ—Ç–∞—Ö –Ω–∏–∂–µ.",5,2021-07-15 10:07:00,245,27,–æ—Ç 3000000 ‚ÇΩ,299,0.52,"–ø–æ—è–≤–ª—è—Ç—å—Å—è –Ω–æ–≤—ã–π —Ñ–æ–Ω–¥ –≤–∏–¥–µ–æ–∏–≥—Ä–∞ –∫–∏–±–µ—Ä—Å–ø–æ—Ä—Ç —Å–æ—Å—Ç–∞–≤ —Ñ–æ–Ω–¥ –∞–∫—Ü–∏—è –ø—Ä–æ–∏–∑–≤–æ–¥–∏—Ç–µ–ª—å –∏–≥—Ä–æ–≤–æ–π  ¬´ –∂–µ–ª–µ–∑–æ ¬ª,  nvda amd —Ç–∞–∫–∂–µ —Ä–∞–∑—Ä–∞–±–æ—Ç—á–∏–∫ –∏–∑–¥–∞—Ç–µ–ª—å –≤–∏–¥–µ–æ–∏–≥—Ä tcehy –∫–≤–∞–ª ),  ntdoy –∫–≤–∞–ª ),  se –∫–≤–∞–ª ),  atvi ttwo ea ntes u bili ubisoft —Ñ–æ–Ω–¥ –æ–±–µ—Å–ø–µ—á–∏–≤–∞—Ç—å —à–∏—Ä–æ–∫–∏–π –¥–∏–≤–µ—Ä—Å–∏—Ñ–∏–∫–∞—Ü–∏—è –≤–∞–ª—é—Ç–∞ —Å—Ç—Ä–∞–Ω–∞ –≤—Ö–æ–¥–∏—Ç—å –∞–∫—Ç–∏–≤ —Å—à–∞ –∫–∏—Ç–∞–π —è–ø–æ–Ω–∏—è —é–∂–Ω—ã–π –∫–æ—Ä–µ—è —à–≤–µ—Ü–∏—è —Ç–∞–π–≤–∞–Ω—å —Ñ—Ä–∞–Ω—Ü–∏—è –ø–æ–ª—å—à–∞ –ø–æ–ª–Ω—ã–π –ø–æ–¥—Ä–æ–±–Ω—ã–π —Å–æ—Å—Ç–∞–≤ –¥–∞–Ω–Ω—ã–π —Ñ–æ–Ω–¥ –ø—Ä–µ–¥—Å—Ç–∞–≤–ª—è—Ç—å —Å–∫—Ä–∏–Ω—à–æ—Ç –Ω–∏–∑–∫–æ"
22,MCRS,"$FXES –¥—É–º–∞—é, —á—Ç–æ —Å—Ç–æ–∏—Ç –≤–∑—è—Ç—å –¥–∞–Ω–Ω—ã–π —Ñ–æ–Ω–¥. –¢–∞–∫ –∫–∞–∫ –∏–≥—Ä–æ–≤–∞—è –∏–Ω–¥—É—Å—Ç—Ä–∏—è –±—É–¥–µ—Ç –ø–æ—Å—Ç–æ—è–Ω–Ω–æ –≤–æ—Å—Ç—Ä–µ–±–æ–≤–∞–Ω–∞, —á—Ç–æ —Å–µ–π—á–∞—Å –∏ –≤ –±—É–¥—É—â–µ–º)",2,2021-07-15 10:07:00,0,12,–¥–æ 10000 ‚ÇΩ,3,15.32,–¥—É–º–∞—Ç—å —Å—Ç–æ–∏—Ç—å –≤–∑—è—Ç—å –¥–∞–Ω–Ω—ã–π —Ñ–æ–Ω–¥ –∏–≥—Ä–æ–≤–æ–π –∏–Ω–¥—É—Å—Ç—Ä–∏—è –ø–æ—Å—Ç–æ—è–Ω–Ω–æ –≤–æ—Å—Ç—Ä–µ–±–æ–≤–∞—Ç—å –±—É–¥—É—â–µ–µ
23,bit,"$FXES 

–ë–µ–∑—É–º–Ω—ã–π —Ñ–æ–Ω–¥ —Ñ–∏–∫—Å–∞–Ω—É–ª –ø–æ 100 –∏ –ø–µ—Ä–µ–∑–∞—à–µ–ª –Ω–∏–∂–µüòé

+35%",0,2021-07-15 10:07:00,108,12,–¥–æ 1000000 ‚ÇΩ,16,35.34,–±–µ–∑—É–º–Ω—ã–π —Ñ–æ–Ω–¥ —Ñ–∏–∫—Å–∞–Ω—É—Ç—å 100 –ø–µ—Ä–µ–∑–∞–π—Ç–∏ –Ω–∏–∂–µ üòé 35
24,Rezan,"$FXES –ò–Ω—Ç–µ—Ä–µ—Å–Ω—ã–π —Ñ–æ–Ω–¥. –ò –∞–∫—Ü–∏–∏ —É –Ω–∏—Ö –∏–Ω—Ç–µ—Ä–µ—Å–Ω—ã–µ. –°–ø–∞—Å–∏–±–æ –∑–∞ 35% ü§°

#FXES",44,2021-07-15 10:07:00,35532,1,–æ—Ç 3000000 ‚ÇΩ,366,17.64,–∏–Ω—Ç–µ—Ä–µ—Å–Ω—ã–π —Ñ–æ–Ω–¥ –∞–∫—Ü–∏—è –∏–Ω—Ç–µ—Ä–µ—Å–Ω—ã–π —Å–ø–∞—Å–∏–±–æ 35 ü§°
25,nosolomov777,$FXES –¥–æ–±—Ä—ã–π –≤–µ—á–µ—Ä üóø,3,2021-07-15 10:07:00,8,8,–¥–æ 10000 ‚ÇΩ,105,147.99,–¥–æ–±—Ä—ã–π –≤–µ—á–µ—Ä üóø
26,nred,$FXES —ç—Ç–æ —á—Ç–æ —Å–µ–π—á–∞—Å –±—ã–ª–æ?,2,2021-07-15 10:07:00,1,18,–¥–æ 1000000 ‚ÇΩ,35,21.1,
27,deck0,$FXES –∞–Ω–æ–º–∞–ª—å–Ω–æ,2,2021-07-15 10:07:00,33,98,–¥–æ 500000 ‚ÇΩ,254,19.03,–∞–Ω–æ–º–∞–ª—å–Ω–æ
28,your_rubicon,"$FXES –ø–æ—Ö–æ–¥—É –±–∞–≥ –∫–∞–∫–æ–π-—Ç–æ –±—ã–ª, –ø–æ–¥–ª–µ—Ç–∞–ª –≤ –º–æ–º–µ–Ω—Ç–µ –¥–æ 100—Ä",0,2021-07-15 10:07:00,9,18,–¥–æ 500000 ‚ÇΩ,83,23.8,–ø–æ—Ö–æ–¥ –±–∞–≥ –∫–∞–∫–æ–π-—Ç–æ –ø–æ–¥–ª–µ—Ç–∞—Ç—å –º–æ–º–µ–Ω—Ç 100—Ä
29,Glock,$FXES —Ç–æ–ª—å–∫–æ –∑–∞ 74 —Ö–æ—Ç–µ–ª –∫—É–ø–∏—Ç—å –∏ —Ç—É—Ç –Ω–∞ —Ç–µ–±–µ üòï,1,2021-07-15 10:07:00,12,63,–¥–æ 1000000 ‚ÇΩ,31,24.76,74 —Ö–æ—Ç–µ—Ç—å –∫—É–ø–∏—Ç—å üòï
